CourseID,CNUM,SECTION,INSTNAME,A +,A,A -,B +,B,B -,C +,C,C -,D +,D,D -,F
AEROSPC, 002B,1,A HENSON,2,1,3,3,0,1,1,1,0,0,0,0,0
AFRICAM, 004B,1,G NWOKEJI,0,17,22,23,6,0,0,1,0,1,1,0,2
AFRICAM, 005B,1,R ALLEN,6,10,16,11,4,5,3,2,4,0,4,0,0
AFRICAM,100,1,L RAIFORD,1,4,5,3,6,2,0,1,0,0,0,2,0
AFRICAM,111,1,H FRYE,3,2,3,1,6,2,1,0,1,0,0,0,0
AFRICAM,117,1,U TAYLOR,0,3,2,7,9,2,3,2,0,0,1,0,1
AFRICAM,121,1,C HENRY,0,9,4,4,12,1,0,2,0,0,0,0,1
AFRICAM,122,1,H FRYE,0,12,3,6,9,3,2,0,4,0,0,1,1
AFRICAM,126,1,U TAYLOR,0,3,8,3,4,3,2,0,1,0,0,0,0
AFRICAM,139,2,C KNAUS,0,16,14,3,8,0,5,2,1,0,1,0,1
AFRICAM,144,1,L RAIFORD,1,6,8,1,2,0,2,0,0,0,0,0,0
AFRICAM,154,1,V CLARK,7,3,4,3,0,0,0,0,0,0,0,0,0
AFRICAM, 156AC,1,A DE LEON,2,29,13,3,3,3,0,0,0,0,1,0,2
AFRICAM,159,1,A NANDA,0,1,4,2,2,2,0,0,0,0,0,0,1
AFRICAM, 190AC,1,C HENRY,0,5,1,0,3,3,0,1,0,0,0,0,0
AFRICAM,R001A,1,A NANDA,2,9,5,4,3,2,0,0,0,0,0,0,0
AFRICAM,R001B,1,A NANDA,0,5,7,3,6,4,2,2,0,0,0,0,0
AFRICAM,R001B,2,C KNAUS,1,10,3,1,4,2,2,2,1,0,0,0,1
AMERSTD,10,1,M COHEN,1,13,4,7,12,6,5,1,1,2,1,0,4
AMERSTD,10,2,R CANDIDA SMITH,4,3,12,12,2,2,0,0,0,0,0,0,0
AMERSTD,101,1,A SHANKEN,2,7,2,6,2,4,0,1,1,0,1,1,1
AMERSTD,101,2,C PALMER,0,2,4,3,7,3,2,0,0,0,0,1,2
AMERSTD, 101AC,1,D HENKIN,0,0,13,10,18,12,4,4,0,0,0,0,2
AMERSTD,102,1,K BIESTMAN,0,3,2,2,16,15,6,7,2,0,0,0,0
AMERSTD,110,1,M BRILLIANT,0,2,7,1,3,0,1,0,0,0,1,0,0
AMERSTD,191,1,C PALMER,0,0,6,4,1,1,2,0,0,0,0,0,3
AMERSTD,191,2,C PALMER,0,6,1,4,5,1,0,1,0,0,0,0,0
AMERSTD,191,4,M FOLETTA,0,4,2,1,1,4,1,0,0,0,0,0,0
AMERSTD,C112B,1,P GROTH,1,6,4,3,3,6,1,0,0,0,0,0,1
AMERSTD,C172,1,C ROSEN,0,2,12,9,12,1,5,3,0,0,0,0,1
AMERSTD,H195,1,K BIESTMAN,0,10,3,0,2,0,0,0,0,0,0,0,1
ANTHRO,1,1,S HOLLIMON,22,162,56,24,40,7,4,6,2,6,0,0,12
ANTHRO, 002AC,1,M CONKEY,35,48,29,23,27,16,9,10,5,0,3,0,1
ANTHRO,3,1,S BRANDES,3,27,85,61,36,17,7,7,4,1,2,1,4
ANTHRO,115,1,D GORDON,14,32,16,7,11,1,0,0,0,0,0,0,0
ANTHRO, 122F,1,S HOLLIMON,5,7,2,4,1,0,1,2,2,1,0,0,1
ANTHRO, 128M,1,N CLEGHORN,2,7,1,0,1,2,1,0,0,0,0,0,1
ANTHRO,131,1,M SHACKLEY,3,9,2,2,1,0,0,0,0,0,0,0,0
ANTHRO, 136H,1,C UNDERWOOD,3,7,4,1,1,1,1,0,0,0,0,0,0
ANTHRO,139,1,L NADER,0,20,55,50,45,22,12,8,1,1,0,0,6
ANTHRO, 156B,1,P RABINOW,3,3,15,4,3,2,2,0,1,0,0,0,2
ANTHRO,162,1,S NAITHANI,0,23,3,7,6,1,0,0,0,0,0,0,2
ANTHRO,166,1,A YURCHAK,1,16,10,21,25,8,1,0,0,0,1,0,0
ANTHRO,170,1,X LIU,1,11,14,13,10,3,1,0,0,0,0,0,0
ANTHRO,183,1,M FERME,3,6,6,5,2,2,0,0,0,1,0,0,0
ANTHRO,188,1,R DAWUTI,2,12,5,1,0,0,0,0,0,0,0,0,0
ANTHRO,189,2,C HAYDEN,1,8,3,6,4,2,0,0,0,0,1,0,0
ARABIC, 015A,1,H BAZIAN,7,5,6,2,0,0,0,0,0,0,0,0,0
ARABIC, 020B,1,H BAZIAN,2,3,4,4,1,0,0,0,0,0,0,0,0
ARABIC, 020B,2,S S'HIRI,4,8,6,4,2,1,0,0,0,0,0,0,0
ARABIC,107,1,J HAYES,0,7,3,1,1,0,0,0,0,0,0,0,0
ARCH, 100A,1,W DI NAPOLI,0,14,13,15,13,5,5,3,1,0,0,0,0
ARCH, 100B,1,L IWAMOTO,0,9,13,12,16,6,6,4,2,1,1,0,0
ARCH,101,1,J KUO,1,2,3,1,2,1,1,0,0,0,0,0,0
ARCH,111,1,N ALSAYYAD,0,7,6,4,2,0,2,1,0,0,0,0,0
ARCH,130,1,C CRYSLER,13,12,20,17,4,7,2,3,3,0,0,0,1
ARCH,140,1,C BENTON,2,17,27,20,34,13,7,9,3,0,2,0,1
ARCH,160,1,M COMERIO,0,15,5,8,9,6,2,6,1,0,1,0,0
ARCH, 170B,1,B LITTMANN,1,14,59,74,37,26,12,5,3,0,0,0,2
ART,8,1,J MCNAMARA,16,57,15,5,3,0,0,0,0,0,0,0,0
ART,12,1,C INNIS,4,13,7,0,1,0,0,0,0,0,0,0,0
ART,12,2,L BERSAMINA,0,10,5,0,0,2,0,0,0,0,0,0,0
ART,12,3,V DEJESUS,6,2,8,1,0,0,0,0,1,0,0,0,0
ART,13,1,J MCNAMARA,3,16,3,0,0,0,0,0,0,0,0,0,0
ART,13,2,C NAGASAWA,0,10,0,1,0,0,0,0,0,0,0,0,1
ART,14,1,G OPPENHEIMER,1,4,0,4,6,0,2,1,0,0,0,0,0
ART,14,2,E TOOL,2,14,3,1,1,1,0,1,0,0,0,0,0
ART,102,1,L BERSAMINA,0,14,8,5,2,0,0,0,0,0,0,0,0
ART,102,2,S CARNWATH,1,8,2,4,2,2,0,0,0,0,0,0,0
ART,117,1,C NAGASAWA,0,14,1,0,0,0,0,0,0,0,0,0,0
ART,117,3,A VONMERTENS,2,2,12,2,2,0,0,0,0,0,0,0,0
ART,118,1,L BERSAMINA,0,10,8,5,0,0,0,1,0,0,0,0,0
ART,120,2,R HUSSONG,2,9,5,0,1,0,0,0,0,0,0,0,0
ART,124,1,R HUSSONG,2,11,1,6,0,0,0,0,0,0,0,0,0
ART,132,1,R SHAW,0,19,0,4,2,0,0,1,0,0,0,0,1
ART,137,1,R SHAW,2,15,0,2,1,0,0,0,0,0,0,0,0
ART,138,1,B REIMAN,1,8,2,2,3,1,0,0,0,0,0,0,0
ART,142,1,K RADLEY,12,6,0,0,0,0,0,0,0,0,0,0,0
ART,160,3,T PAGLEN,0,9,1,1,0,1,0,0,0,0,0,0,0
ART,165,1,K SHERWOOD,0,17,7,0,0,1,0,0,0,0,0,0,0
ART,175,1,G NIEMEYER,1,4,4,1,3,0,0,3,0,0,0,0,0
ASAMST, 020A,1,W UEUNTEN,9,31,24,12,13,7,3,1,0,0,0,0,2
ASAMST, 020B,1,H DONG,0,32,2,0,1,0,0,0,0,0,0,0,0
ASAMST,121,1,H DONG,0,14,3,0,1,0,0,0,0,0,0,0,0
ASAMST,125,1,N U,0,4,8,8,7,2,0,0,0,0,0,0,0
ASAMST,127,1,J SINGH,0,11,3,2,0,0,0,0,0,0,0,0,0
ASAMST,171,1,E KIM,10,41,6,0,4,0,1,0,0,0,0,0,0
ASAMST,175,1,C ARREGLO,0,6,8,2,0,0,0,0,0,0,0,0,0
ASAMST,176,1,S WONG,2,6,16,7,4,1,1,0,0,0,0,0,0
ASAMST,180,1,S WONG,0,3,8,14,4,2,0,0,0,0,0,0,0
ASAMST,R002A,1,A LEONG,0,5,5,9,5,2,0,0,0,0,0,0,0
ASAMST,R002A,2,A LEBO-PLANAS,2,10,13,6,1,0,1,0,0,0,0,0,0
ASAMST,R002B,1,A LEONG,0,8,11,7,3,0,0,0,1,0,0,0,0
ASAMST,R002B,2,A SHEN,0,2,8,3,10,4,3,0,0,0,0,0,0
ASIANST, 010B,1,D ZOOK,4,16,25,33,17,10,8,2,2,0,0,2,2
ASIANST,150,1,A KIM,3,4,3,4,3,0,0,0,0,0,0,0,2
ASTRON, 007B,1,J BLOOM,3,7,7,6,8,1,2,1,1,0,0,0,0
ASTRON,10,1,M DAVIS,0,6,11,12,6,10,6,1,1,0,1,0,3
ASTRON,121,1,C HEILES,5,4,2,3,0,0,0,0,0,0,0,0,0
ASTRON,C012,1,G MARCY,0,21,13,6,8,4,3,0,0,0,0,0,1
ASTRON,C161,1,C MA,2,9,4,1,1,1,1,0,3,1,0,0,0
ASTRON,C162,1,I DE PATER,0,5,3,4,2,1,0,2,1,0,0,0,0
BIO ENG,100,1,T BUDINGER,7,42,31,11,15,10,7,3,5,0,0,0,0
BIO ENG,104,1,M MOFRAD,6,20,4,0,1,0,0,0,0,0,0,0,0
BIO ENG,115,1,S LI,3,21,4,2,0,0,0,0,0,0,0,0,0
BIO ENG,116,1,S LI,3,13,12,15,8,3,3,0,0,0,0,0,0
BIO ENG, 121L,10,M DUECK,0,8,1,0,1,1,0,0,0,0,0,0,0
BIO ENG,C105B,1,V CAREY,0,5,3,11,2,1,1,0,0,0,0,0,0
BIO ENG,C141,1,H HUANG,0,4,10,7,0,0,0,0,0,0,0,0,0
BIO-CDB, 001A,1,M SCHLISSEL,3,99,41,72,74,56,86,84,65,18,8,10,32
BIO-CDB, 001AL,1,M MEIGHAN,6,113,80,44,67,73,61,61,49,6,7,10,19
BIO-IB, 001B,1,L FELDMAN,12,50,33,139,113,105,47,81,26,23,16,0,16
BIO-PB,11,1,F HARMON,0,18,0,0,20,0,0,12,0,0,5,0,4
BIO-PB, 011L,1,F HARMON,0,7,0,0,4,0,0,2,0,0,0,0,0
CELTIC,128,1,A REJHON,0,14,2,4,0,2,1,1,1,0,0,0,2
CELTIC,129,1,K KLAR,2,13,5,3,0,1,0,0,0,0,0,0,0
CELTIC,R001A,1,M AGOZZINO,0,5,1,3,7,0,0,0,0,0,0,0,0
CELTIC,R001B,1,K STARR-REID,2,3,2,6,3,1,0,0,0,1,0,0,0
CHEM, 001A,1,H NITSCHE,4,29,20,27,62,25,53,76,2,0,6,0,1
CHEM, 001A,2,H NITSCHE,3,29,19,21,53,22,49,75,3,0,9,0,6
CHEM, 001B,1,R SAYKALLY,4,33,6,7,35,6,2,17,3,0,5,0,1
CHEM, 003A,1,J FRECHET,24,35,50,34,30,36,29,30,41,0,39,0,30
CHEM, 003A,2,J FRECHET,28,61,70,52,44,55,37,44,52,0,43,0,35
CHEM, 003AL,1,S PEDERSEN,0,140,212,24,4,6,0,2,1,0,0,0,3
CHEM, 003AL,2,S PEDERSEN,0,206,245,17,8,5,1,2,0,0,0,0,4
CHEM, 003B,1,S PEDERSEN,11,84,42,92,70,65,60,68,75,0,16,0,34
CHEM, 003BL,1,S PEDERSEN,4,71,96,37,11,7,11,6,4,0,0,0,7
CHEM, 003BL,2,S PEDERSEN,0,21,20,9,6,7,0,1,0,0,0,0,2
CHEM, 004B,1,M DOUSKEY,11,27,25,15,63,10,6,13,0,0,0,0,0
CHEM,100,1,A STACY,0,15,11,0,0,0,0,0,0,0,0,0,0
CHEM, 104A,1,R ANDERSEN,1,4,5,7,5,2,0,8,0,0,0,0,3
CHEM, 104B,1,T TILLEY,1,4,13,6,2,8,4,9,5,0,1,0,3
CHEM,105,1,M MAJDA,0,13,1,0,9,2,0,8,1,0,0,0,0
CHEM,108,1,R ANDERSEN,0,5,5,4,1,0,0,2,0,0,0,0,0
CHEM, 112B,1,R SARPONG,11,18,22,11,29,12,3,9,5,0,6,0,9
CHEM,113,1,D TRAUNER,5,11,7,9,9,0,0,9,0,0,1,0,1
CHEM, 120A,1,K WHALEY,4,4,10,35,28,19,4,6,1,0,3,0,6
CHEM, 120B,1,D CHANDLER,2,10,3,0,9,3,0,7,3,0,0,0,0
CHEM, 120B,2,J GROVES,2,15,2,0,12,4,0,8,4,0,0,0,0
CHEM,125,1,C SHANK,2,21,12,1,7,5,4,1,1,0,1,0,1
CHEM, 130B,1,R MATHIES,1,3,2,2,4,0,0,5,0,0,0,0,0
CHEM,135,1,M FRANCIS,4,16,4,4,9,2,7,7,5,0,3,0,1
CHEM,C150,1,J LONG,0,6,1,1,1,2,0,0,0,0,0,0,0
CHICANO,20,1,A DAVILA-SANCHEZ,0,5,2,17,5,0,0,0,0,0,0,0,0
CHICANO,40,1,L PEREZ,1,5,10,7,5,1,2,0,0,0,0,0,0
CHICANO,133,1,A ARTEAGA,0,26,7,6,1,0,0,0,0,0,0,0,0
CHICANO,135,1,R TELLES,2,3,15,3,1,0,0,1,0,0,0,0,0
CHICANO,145,1,B PESQUERA,0,8,2,3,2,0,0,0,0,0,0,0,0
CHICANO,159,1,C MUNOZ,4,39,7,8,7,0,0,0,0,0,0,0,0
CHICANO,165,1,A SARAGOZA,0,5,5,5,5,2,5,0,1,0,1,0,0
CHICANO,172,1,L CHAVEZ,3,11,4,10,4,0,0,0,0,0,0,0,0
CHICANO,180,2,C RODRIGUEZ,3,3,2,4,2,0,2,0,0,0,0,0,0
CHICANO,180,6,R TELLES,0,5,10,1,2,0,0,0,0,0,0,0,0
CHINESE, 001B,3,Y YANG,0,10,1,4,3,1,0,0,0,0,0,0,0
CHINESE, 001B,4,Y YANG,0,8,7,2,2,1,0,0,0,0,0,0,0
CHINESE, 001B,5,Y YANG,0,6,2,3,2,2,1,0,0,0,0,0,0
CHINESE, 001BX,1,L LIU,0,4,8,0,1,0,0,0,0,0,0,0,0
CHINESE, 001BX,2,L LIU,0,5,5,0,1,0,0,2,1,0,0,0,0
CHINESE, 001BX,3,L LIU,0,5,7,3,1,0,0,0,0,0,0,0,0
CHINESE, 001BX,4,L LIU,0,12,3,0,1,0,0,0,0,0,0,0,0
CHINESE, 001BY,1,L ZHANG,0,8,3,3,4,1,0,0,0,1,0,0,0
CHINESE, 001BY,2,L ZHANG,0,10,4,3,0,0,0,0,0,0,0,0,0
CHINESE, 001BY,3,H HSU,0,6,4,2,2,0,0,0,0,0,0,0,0
CHINESE, 007B,1,S VOLPP,0,13,15,15,2,1,1,0,0,0,0,1,0
CHINESE, 010B,1,C CHU,0,5,1,2,0,3,1,0,0,0,0,0,0
CHINESE, 010B,2,C CHU,0,6,2,0,0,2,1,0,0,0,0,0,0
CHINESE, 010B,3,C CHU,0,8,1,2,1,0,0,0,0,0,0,0,1
CHINESE, 010BX,2,R LI,0,12,3,0,0,0,0,0,0,0,0,0,0
CHINESE, 010BX,3,R LI,0,7,6,0,0,0,1,0,0,0,0,0,0
CHINESE, 010BX,4,R LI,0,6,5,0,0,2,0,0,0,0,0,0,0
CHINESE, 010BX,5,H CHANG,0,10,4,1,1,0,0,0,0,0,0,0,0
CHINESE, 010BX,6,H CHANG,0,8,2,1,2,1,0,0,0,0,0,0,0
CHINESE, 100B,1,H CHANG,0,12,5,1,1,0,0,0,0,0,0,0,0
CHINESE, 100BX,1,I LI,0,8,4,0,2,1,0,0,0,0,0,0,0
CHINESE, 100BX,2,T DONG,0,10,7,2,1,0,0,0,0,0,0,0,0
CHINESE,102,1,I LI,0,9,7,2,0,0,0,0,0,0,0,0,0
CHINESE, 110B,1,P VARSANO,2,7,5,4,4,2,1,0,0,0,0,0,0
CHINESE,112,1,I LI,0,8,7,0,3,0,0,0,0,0,0,0,0
CHINESE,155,1,R ASHMORE,0,2,7,4,3,0,0,0,0,0,0,0,1
CHINESE,161,1,Z CHEN,1,10,5,4,6,0,0,0,0,0,0,0,1
CHINESE,186,1,N HELLER,0,7,2,0,3,0,0,0,0,0,0,0,2
CHM ENG,142,1,A BELL,2,8,7,10,12,20,13,7,5,0,2,0,1
CHM ENG, 150A,1,H BLANCH,4,15,4,19,21,8,0,10,2,0,0,0,0
CHM ENG,154,1,J NEWMAN,3,11,5,9,8,7,0,5,0,0,0,0,0
CHM ENG,157,1,D SCHAFFER,6,10,9,5,11,10,3,0,0,0,0,0,0
CHM ENG,160,1,P WALLMAN,2,21,7,6,8,5,1,1,0,0,0,0,0
CHM ENG,162,1,J KEASLING,1,13,8,14,8,7,2,0,0,0,0,0,0
CHM ENG,179,1,D GRAVES,2,5,4,3,4,4,0,1,0,0,0,0,0
CHM ENG,185,1,P PLOUFFE,1,3,5,8,0,0,0,0,0,0,0,0,0
CHM ENG,185,2,P PLOUFFE,0,3,5,2,1,0,0,0,0,0,0,0,0
CHM ENG,C170L,1,D CLARK,4,9,3,3,3,0,0,0,0,0,0,0,0
CIV ENG,60,1,P MONTEIRO,3,17,8,8,17,7,0,1,0,0,0,0,2
CIV ENG,70,1,K JOHNSON,0,15,15,8,10,7,6,6,1,0,0,0,0
CIV ENG,93,1,A DER KIUREGHIAN,2,4,5,8,10,14,6,3,7,0,0,0,2
CIV ENG,111,1,W NAZAROFF,2,7,7,5,21,12,8,4,3,0,2,0,0
CIV ENG,120,1,B STOJADINOVIC,4,7,16,9,6,8,4,3,0,0,0,1,0
CIV ENG,122,1,A ASTANEH-ASL,3,8,17,3,0,0,0,0,0,0,0,0,0
CIV ENG,123,1,J MOEHLE,0,8,5,3,11,5,1,3,0,0,0,0,0
CIV ENG,130,1,F ARMERO,3,7,10,11,6,14,11,12,7,1,3,5,5
CIV ENG,130,2,J LUBLINER,3,10,6,12,8,13,6,3,3,0,0,0,3
CIV ENG,155,1,M CASSIDY,0,7,14,11,16,5,4,11,5,0,0,1,1
CIV ENG,165,1,P MONTEIRO,3,30,20,10,5,2,5,1,0,0,1,0,0
CIV ENG,167,1,C IBBS,1,12,10,8,10,19,7,5,5,0,0,0,0
CIV ENG, 169A,1,I TOMMELEIN,0,11,10,2,5,0,0,0,0,0,0,0,0
CIV ENG, 169B,1,I TOMMELEIN,0,6,8,6,3,1,2,0,0,0,0,0,0
CIV ENG, 169C,1,I TOMMELEIN,0,7,5,3,3,1,3,0,0,0,0,0,0
CIV ENG,170,1,T PATZEK,6,6,2,2,1,0,1,0,0,0,0,0,0
CIV ENG,172,1,S GLASER,0,3,2,4,2,4,1,0,2,0,0,0,0
CIV ENG,175,1,R SEED,2,12,16,7,11,5,1,0,0,0,0,0,0
CIV ENG,180,1,R BEA,0,10,5,5,0,0,0,0,0,0,0,0,0
CIV ENG,192,1,G FENVES,51,46,0,0,0,0,0,0,0,0,0,0,0
CIV ENG,C116,1,G SPOSITO,1,10,1,3,3,1,1,1,0,0,0,0,0
CIV ENG,C154,1,K FRICK,0,11,11,5,2,3,0,0,0,0,0,0,0
CLASSIC, 010B,1,K MCCARTHY,0,15,48,24,15,4,3,3,0,1,2,0,1
CLASSIC, 017B,1,C HALLETT,2,4,5,8,7,5,0,1,1,0,0,0,1
CLASSIC,28,1,A BULLOCH,4,92,115,88,39,21,3,0,0,0,0,0,2
CLASSIC,36,1,G FERRARI,5,18,25,8,7,1,2,0,0,0,0,0,0
CLASSIC,130,1,S FURIYA,1,3,5,6,4,1,0,0,0,0,0,0,0
CLASSIC,163,1,A LONG,0,4,5,5,4,0,1,1,0,0,0,0,0
CLASSIC, 170A,1,K SHELTON,2,2,2,1,3,2,1,1,1,0,1,1,1
COG SCI,C001,1,J CARMENA,11,18,11,12,10,1,2,2,1,0,3,0,2
COG SCI,C101,1,G LAKOFF,2,9,6,9,13,7,2,1,2,0,0,0,0
COG SCI,C124,1,C HUDSON,1,3,5,3,2,0,2,0,0,0,0,0,0
COG SCI,C127,1,R IVRY,0,4,5,4,13,4,4,2,2,0,1,0,2
COG SCI,C131,1,T GRIFFITHS,4,5,1,3,1,1,2,0,1,0,0,0,0
COLWRIT, 010A,1,J LEVINE,0,3,8,2,0,0,0,0,0,0,0,0,0
COLWRIT, 010A,2,C HILL,0,13,0,3,0,0,0,0,0,0,0,0,0
COLWRIT,151,1,C COLE,0,12,0,2,1,0,0,0,0,0,0,0,0
COLWRIT,R001A,1,C COLE,0,0,0,2,5,2,0,0,1,2,0,0,0
COLWRIT,R001A,4,Y CHIANG,0,2,0,5,1,0,0,1,0,0,1,1,0
COLWRIT,R001A,6,D FLASH,0,0,1,3,6,0,0,0,0,0,0,0,1
COLWRIT,R001A,7,G OFFEN-BROWN,0,2,3,2,3,2,1,0,0,1,0,0,0
COLWRIT,R001A,8,M WALD,0,1,2,1,2,4,0,1,0,0,0,0,2
COLWRIT,R001A,9,M LARKIN,0,2,0,3,1,4,2,0,1,0,0,0,0
COLWRIT,R001A,12,D WILLIAMS,0,0,2,3,1,4,3,1,0,0,0,0,0
COLWRIT,R001A,13,C GATES,0,0,2,5,2,1,0,1,0,0,2,0,1
COLWRIT,R001A,14,J LANG,0,1,5,0,2,1,1,1,0,0,0,0,0
COLWRIT,R001A,15,G OFFEN-BROWN,0,1,5,2,2,0,2,1,0,0,0,0,0
COLWRIT,R001A,17,M ERICKSON,0,1,2,1,5,3,1,0,0,0,0,0,0
COLWRIT,R001A,19,M BAPTISTE,0,0,3,1,5,1,0,0,1,0,0,0,1
COLWRIT,R001A,20,J LEVINE,0,2,1,2,2,3,0,1,0,0,0,0,1
COLWRIT,R001A,21,C HILL,0,0,1,6,1,3,0,1,0,0,0,0,0
COLWRIT,R004B,1,P HAMMONS,0,6,5,0,2,1,3,0,0,0,0,0,0
COLWRIT,R004B,2,C OAKES,0,0,5,3,5,1,1,0,1,0,0,0,0
COLWRIT,R004B,3,P HAMMONS,0,4,2,2,2,2,1,0,0,0,0,0,0
COLWRIT,R004B,4,P STEENLAND,0,2,3,4,2,1,1,0,0,0,2,0,1
COLWRIT,R004B,5,M LARKIN,1,1,3,2,3,3,2,0,0,1,0,0,0
COLWRIT,R004B,6,P STEENLAND,0,4,2,3,2,3,0,0,0,0,0,0,1
COLWRIT,R004B,8,P STEENLAND,0,6,1,2,3,0,0,1,1,0,1,0,0
COLWRIT,R004B,9,C OAKES,0,1,6,2,6,1,0,0,1,0,0,0,0
COLWRIT,R004B,10,C OAKES,0,1,5,4,4,1,0,0,0,0,0,0,0
COLWRIT,R004B,12,P HAMMONS,0,9,3,2,2,1,0,0,0,0,0,0,0
COM LIT,40,1,I SIEGEL,1,4,4,1,1,0,0,0,0,0,0,0,0
COM LIT, 041D,1,M FISHER,0,3,5,2,1,0,2,0,0,0,0,0,0
COM LIT, 060AC,1,L RAMOS,0,7,9,4,2,0,0,0,0,0,0,0,1
COM LIT,100,1,B SPACKMAN,0,6,4,2,2,0,1,0,0,0,0,0,0
COM LIT,152,1,A REJHON,1,4,1,0,2,1,0,1,0,0,0,0,1
COM LIT,R001A,1,J CABALLERO,0,3,11,2,9,4,1,0,0,0,0,0,0
COM LIT,R001A,2,E LIPKIN,0,5,1,2,0,4,0,1,1,0,1,0,0
COM LIT,R001A,3,W HAUSDOERFFER,3,5,8,6,3,4,1,1,2,0,0,0,0
COM LIT,R001A,4,S ROBERTS,0,12,5,1,0,0,0,0,0,0,0,0,0
COM LIT,R001B,1,L RUBMAN,0,4,5,2,1,3,0,1,0,0,0,0,0
COM LIT,R001B,2,A GILL,0,3,2,3,5,1,1,0,0,0,0,0,1
COM LIT,R001B,3,S TRIPLETTE,0,5,6,2,3,1,0,1,0,0,0,0,0
COM LIT,R001B,4,S LORENZ,0,6,9,12,2,0,0,0,0,0,0,0,1
COM LIT,R001B,5,J CHANG-AUGST,0,7,5,2,0,0,0,0,0,0,0,0,0
COM LIT,R001B,6,J CRUZ,2,3,10,1,2,0,0,0,0,0,0,0,0
COM LIT,R001B,7,C SUMNER,0,3,7,1,1,1,0,0,0,0,0,0,0
COM LIT,R001B,8,L GURTON-WACHTER,0,3,17,9,5,0,0,0,0,0,0,0,0
COM LIT,R001B,9,A HENRY,1,2,3,4,2,1,0,0,0,0,0,0,0
COM LIT,R001B,10,L BERMUDEZ,0,5,9,2,1,0,0,0,0,0,0,0,0
COM LIT,R001B,11,S HERBOLD,2,2,5,4,4,3,0,0,4,0,0,0,0
COM LIT,R001B,12,BRUCKEL-LICHTENOEC,0,2,3,0,1,3,1,0,0,0,0,0,1
COM LIT,R001B,13,T SINGLETON,3,13,9,4,0,0,0,0,0,0,0,0,0
COM LIT,R001B,14,J CHANG-AUGST,2,7,4,2,0,0,0,0,0,0,0,0,0
COM LIT,R001B,15,W HAUSDOERFFER,0,5,15,1,7,0,2,0,0,0,0,0,2
COM LIT,R001B,16,S POPKIN,1,5,9,2,0,0,0,0,0,0,0,0,0
COM LIT,R003B,1,M INCIARTE,0,2,3,3,3,1,0,0,0,0,0,0,0
COMPSCI, 003L,1,N TITTERTON,3,21,18,15,11,3,3,1,0,0,3,0,1
COMPSCI, 003S,1,D GARCIA,1,13,0,0,2,0,1,3,0,0,1,0,5
COMPSCI, 061A,1,B HARVEY,22,28,15,19,17,16,13,14,18,9,7,8,17
COMPSCI, 061BL,1,M CLANCY,14,34,32,12,16,16,14,4,4,0,4,0,5
COMPSCI, 061C,1,D GARCIA,8,45,10,12,29,20,10,29,1,0,19,0,14
COMPSCI,70,1,L TREVISAN,4,12,10,11,15,0,7,4,0,3,0,0,2
COMPSCI,150,1,R KATZ,2,34,11,19,16,20,4,5,3,0,0,0,2
COMPSCI,160,1,S ARNOLD,0,3,6,15,8,6,4,0,0,0,0,0,0
COMPSCI,162,1,A SMITH,3,4,3,2,5,2,2,5,3,0,0,0,0
COMPSCI,164,1,R BODIK,10,14,4,3,7,13,2,5,3,1,0,0,3
COMPSCI,169,1,R BODIK,7,11,11,6,0,2,0,0,0,0,0,0,0
COMPSCI,170,1,J DEMMEL,5,20,7,11,11,9,2,15,1,0,4,0,8
COMPSCI,174,1,A SINCLAIR,3,14,4,4,2,1,4,2,1,0,0,0,1
COMPSCI,184,1,B BARSKY,3,5,10,12,7,5,1,5,3,0,0,0,2
COMPSCI,186,1,J HELLERSTEIN,5,12,12,16,9,6,8,3,3,1,1,0,2
COMPSCI,188,1,S NARAYANAN,2,23,7,7,7,6,4,9,1,4,1,0,4
COMPSCI,C182,1,J FELDMAN,1,6,2,7,3,2,0,1,3,0,0,0,0
CY PLAN,110,1,K CHRISTENSEN,1,16,34,10,6,1,2,2,0,0,0,0,0
CY PLAN,111,1,N ALSAYYAD,1,17,10,9,8,3,2,0,1,0,0,0,1
CY PLAN, 112A,1,S COHEN,0,8,30,27,5,3,1,0,1,0,0,0,0
CY PLAN, 113B,1,A BLAUSTEIN,0,3,11,15,5,3,1,0,0,0,0,0,0
CY PLAN,116,1,T ROOD,0,8,2,6,1,0,0,0,0,0,0,0,0
CY PLAN, 118AC,1,D CAMPT,4,42,18,10,4,5,1,0,0,0,0,0,0
CY PLAN,120,1,F COLLIGNON,1,12,10,3,1,0,2,1,0,0,0,0,1
CY PLAN,C114,1,K FRICK,0,17,11,6,4,2,0,1,1,0,0,0,2
DEMOG,160,1,G FEENEY,8,5,3,2,5,4,1,2,1,0,0,0,1
DEMOG,C175,1,R LEE,2,4,13,14,12,6,2,2,0,0,0,0,0
DEV STD,C100,1,G HART,2,16,24,18,14,6,8,0,1,0,0,0,1
ECON,1,1,M OLNEY,7,85,73,88,71,87,91,85,61,0,6,0,21
ECON, 100A,1,G WOROCH,6,74,20,23,80,13,23,58,13,3,0,0,3
ECON, 100B,1,S WOOD,1,17,63,82,53,62,40,23,14,0,5,0,4
ECON, 101A,1,D CARD,6,12,7,6,4,1,0,2,0,0,1,0,0
ECON, 101B,1,R LEESON,3,7,14,11,4,1,0,0,0,0,0,0,0
ECON,104,1,S KARIV,0,17,18,8,3,0,0,1,0,0,0,0,0
ECON,105,1,H PEARSON,1,8,16,8,10,11,6,3,0,0,1,0,4
ECON,115,1,B EICHENGREEN,1,24,17,14,12,16,13,7,5,0,1,0,2
ECON,119,1,B KOSZEGI,0,15,21,30,10,3,8,6,2,0,0,0,2
ECON,131,1,E SAEZ,3,5,5,6,5,5,0,1,1,1,0,0,1
ECON,137,1,R CRAINE,2,5,3,1,0,0,0,0,0,0,0,0,0
ECON,140,1,E MORETTI,7,18,10,11,28,12,15,34,23,0,10,1,13
ECON,141,1,M JANSSON,2,13,13,8,10,2,2,0,0,0,0,0,0
ECON,151,1,M REICH,1,8,11,20,18,13,2,3,1,0,0,0,1
ECON,162,1,Y QIAN,7,21,25,28,25,22,13,8,8,0,0,0,2
ECON,172,1,E MIGUEL,3,18,19,34,25,11,8,3,0,0,0,0,2
ECON,173,1,P BARDHAN,0,4,6,4,2,0,0,1,0,0,0,0,0
ECON,183,1,B EICHENGREEN,0,5,9,5,0,0,0,1,0,0,0,0,0
ECON,190,1,R LEESON,2,8,14,3,0,0,0,0,0,0,0,0,0
ECON,C003,1,J GILLESS,6,11,6,3,4,3,1,0,1,0,0,0,2
ECON,C125,1,D ZILBERMAN,1,14,5,8,11,6,3,4,3,2,2,0,1
ECON,C175,1,R LEE,5,19,44,50,26,15,5,1,0,0,0,0,0
EDUC,112,1,M GEARHART,8,12,5,3,1,0,0,1,0,0,0,0,2
EDUC, 114A,1,S HOLLOWAY,5,12,6,5,1,2,1,0,0,0,0,1,2
EDUC, 140AC,1,G HULL,11,28,16,7,4,2,1,3,1,0,3,0,1
EDUC,143,1,R STERLING,0,17,6,0,0,0,0,0,0,0,0,0,0
EDUC, 162A,1,D MAYER,2,16,3,3,0,0,0,0,0,0,0,0,0
EDUC,190,1,J HURST,28,10,0,0,0,0,0,0,0,0,0,0,0
EDUC,190,3,J HURST,0,38,1,1,0,0,0,0,0,0,0,0,0
EDUC,190,4,J HURST,6,26,0,0,0,1,0,0,0,0,0,0,0
EDUC, 190B,1,J HURST,9,13,0,0,0,0,0,0,0,0,0,0,0
EDUC, 195B,3,J HURST,1,10,4,0,1,1,0,0,0,0,0,0,0
EDUC, 195C,1,R POLKINGHORN,3,28,11,0,1,1,0,0,0,0,0,0,0
EDUC,C001,1,J CARMENA,4,2,5,3,0,0,2,0,0,0,0,1,0
EDUC,C193B,1,J HURST,2,23,0,0,0,0,0,0,0,0,0,0,0
EL ENG, 020N,1,B AYAZIFAR,4,26,26,5,41,7,3,15,3,0,5,4,1
EL ENG,40,1,C CHANG-HASNAIN,4,26,8,11,25,14,3,12,3,0,8,0,4
EL ENG,42,1,C CHANG-HASNAIN,3,5,2,5,9,3,0,2,0,0,0,0,3
EL ENG,100,1,C CHANG-HASNAIN,6,39,5,17,41,6,7,10,7,1,4,0,0
EL ENG,105,1,M WU,4,13,9,9,9,9,5,6,4,0,2,0,1
EL ENG,117,1,A NIKNEJAD,2,5,3,3,3,2,1,2,2,0,0,0,0
EL ENG,120,1,B AYAZIFAR,8,20,13,3,20,5,2,1,0,0,3,1,2
EL ENG,121,1,D TSE,1,2,3,1,2,2,0,0,0,1,0,0,0
EL ENG,122,1,A WOLISZ,2,10,3,4,11,2,4,0,1,0,0,0,0
EL ENG,123,1,A SAHAI,1,8,2,0,1,0,0,0,0,0,0,0,0
EL ENG,126,1,J WALRAND,2,4,3,6,10,2,8,0,0,0,0,0,2
EL ENG,129,1,L CHUA,3,22,3,0,0,0,0,0,0,0,0,0,0
EL ENG,130,1,T LIU,2,28,7,3,4,1,0,0,0,0,0,0,0
EL ENG,140,1,S SANDERS,3,8,7,3,8,1,2,1,1,0,0,0,0
EL ENG,141,1,A VLADIMIRESCU,3,6,2,3,7,4,2,1,3,0,0,0,0
EL ENG,143,1,V SUBRAMANIAN,0,3,13,18,3,3,2,2,1,0,0,0,0
EL ENG,192,1,R FEARING,0,3,7,7,2,2,0,0,0,0,0,0,0
"ENE,RES",102,1,J HARTE,7,14,25,16,8,13,0,4,1,0,2,0,0
ENGIN,10,1,R GRONSKY,9,20,1,1,2,0,0,0,0,0,0,0,0
ENGIN,11,1,R HARLEY,6,13,12,15,15,9,6,8,2,0,0,0,1
ENGIN,28,1,S MCMAINS,3,6,17,22,10,19,13,15,7,0,9,0,4
ENGIN,36,1,S LI,4,32,14,22,8,9,1,4,3,0,0,0,1
ENGIN,36,2,M YANG,3,3,5,3,4,5,4,0,3,0,3,0,4
ENGIN,45,1,R RAMESH,12,34,21,36,40,20,17,5,8,2,1,1,3
ENGIN,77,1,R SENGUPTA,4,6,22,33,20,17,14,7,3,1,3,1,1
ENGIN,77,2,R SENGUPTA,4,15,11,27,19,9,9,14,6,3,0,0,3
ENGIN,120,1,M ZHANG,4,22,35,24,16,7,10,4,3,0,0,0,1
ENGIN,124,1,W KASTENBERG,1,16,7,6,8,0,1,2,0,0,0,0,2
ENGIN,128,1,D LIEU,0,17,8,8,3,3,2,3,1,0,0,0,0
ENGIN,177,1,M FRENKLACH,2,7,4,3,2,0,0,2,1,0,1,1,0
ENGIN,190,1,A NEVADER,4,13,4,2,0,0,0,0,0,0,0,0,2
ENGIN,190,2,M KRISTEL,0,15,3,10,0,0,0,0,0,0,0,0,0
ENGIN,190,6,T PHILIPPI,0,2,5,8,4,3,0,0,0,0,0,0,0
ENGIN,190,7,M SOKOLIK,0,5,7,7,5,0,0,0,0,0,0,0,0
ENGIN,190,8,C BIBBS,0,0,3,7,1,0,0,0,0,0,0,0,0
ENGIN,190,9,C BIBBS,0,5,4,2,1,0,0,0,0,0,0,0,0
ENGIN,190,10,M KRISTEL,0,16,2,9,0,0,0,0,0,0,0,0,0
ENGIN,190,13,A NEVADER,3,8,2,1,0,0,0,0,0,1,0,0,2
ENGIN,195,1,T PHILIPPI,0,4,1,5,3,3,0,0,0,0,0,0,0
ENGLISH, 043B,1,J FISHER,3,6,0,1,1,0,0,0,0,0,0,0,0
ENGLISH, 045A,1,M NOLAN,1,5,27,17,16,10,3,3,5,1,0,0,3
ENGLISH, 045A,2,D LANDRETH,0,2,14,14,16,8,4,3,4,0,0,0,5
ENGLISH, 045B,1,C LANGAN,0,8,12,21,14,4,1,0,0,0,0,0,4
ENGLISH, 045B,2,J KNAPP,1,12,23,18,23,11,1,0,0,0,0,0,2
ENGLISH, 045C,1,C ALTIERI,0,11,11,16,24,5,3,3,0,0,0,0,3
ENGLISH, 045C,2,J BISHOP,0,20,19,37,13,5,2,0,1,0,0,0,2
ENGLISH,100,1,D MILLER,0,9,3,5,3,0,1,0,0,0,0,0,2
ENGLISH,100,2,S GOLDSMITH,0,4,3,5,6,2,1,0,0,0,0,0,1
ENGLISH,100,3,D LANDRETH,0,1,5,0,3,2,0,0,0,0,0,0,0
ENGLISH,100,5,J PICCIOTTO,0,6,5,2,1,1,0,0,0,0,0,0,0
ENGLISH,100,9,C HOLLIS,0,7,6,8,1,0,0,0,0,0,0,0,0
ENGLISH,100,10,M BREITWIESER,1,11,7,3,3,0,0,0,0,0,0,0,0
ENGLISH,100,12,G STARR,0,3,10,5,1,0,0,0,0,0,0,0,0
ENGLISH,100,14,K PUCKETT,0,17,5,2,0,1,0,0,0,0,0,0,0
ENGLISH,100,15,J BADER,0,10,1,1,0,0,0,0,1,0,0,0,0
ENGLISH,101,1,K HANSON,1,8,13,6,4,3,2,0,2,0,1,0,0
ENGLISH,111,1,J MILLER,2,7,9,13,15,8,1,1,0,0,0,0,2
ENGLISH, 117B,1,J ADELMAN,0,5,11,33,29,14,1,1,0,0,0,0,0
ENGLISH, 117S,1,A NELSON,0,6,12,13,14,10,1,1,0,0,0,0,1
ENGLISH,118,1,V KAHN,0,6,8,13,9,3,9,4,2,0,1,0,7
ENGLISH, 125C,1,L GOLBURT,2,14,6,2,7,1,1,1,0,0,0,0,0
ENGLISH, 125D,1,M BERNSTEIN,0,12,14,12,6,2,0,0,0,0,0,0,0
ENGLISH, 130A,1,M BREITWIESER,2,14,16,21,9,3,0,0,0,0,0,0,1
ENGLISH, 130B,1,S OTTER,0,10,14,7,6,2,0,0,0,0,1,0,1
ENGLISH, 130C,1,B WAGNER,0,4,10,7,2,0,0,1,0,0,0,0,0
ENGLISH,131,1,R HASS,3,27,47,16,7,2,1,0,0,0,0,0,0
ENGLISH, 133T,1,A JANMOHAMED,1,1,14,28,11,1,1,0,0,0,0,0,0
ENGLISH, 135AC,1,S SCHWEIK,7,52,25,25,12,4,0,4,1,0,2,0,1
ENGLISH, 137T,1,J SALDIVAR,0,7,20,3,5,2,0,0,0,0,0,0,0
ENGLISH,138,1,M RUBENSTEIN,1,2,17,3,5,1,0,0,0,0,0,0,0
ENGLISH,141,1,M CHANDRA,0,12,22,7,1,1,0,0,0,0,0,0,0
ENGLISH, 143A,1,M CHANDRA,0,14,1,0,0,0,0,0,0,0,0,0,0
ENGLISH, 143A,2,T FARBER,0,11,2,0,0,0,0,0,0,0,0,0,0
ENGLISH, 143B,1,J SHOPTAW,1,6,6,0,0,0,0,0,0,0,0,0,0
ENGLISH, 143N,1,T FARBER,0,13,1,0,0,0,0,0,0,0,0,0,0
ENGLISH, 143N,2,G KLEEGE,0,8,3,0,0,0,0,0,0,0,0,0,0
ENGLISH,150,2,M NOLAN,0,9,7,0,2,1,0,0,0,0,0,0,0
ENGLISH,150,3,E ABEL,0,5,4,2,2,0,0,3,0,0,1,0,1
ENGLISH,150,6,D BEAM,0,3,1,6,3,0,1,0,1,0,0,0,0
ENGLISH,150,8,J FIELDING,0,4,7,2,3,2,0,0,0,0,0,0,1
ENGLISH,150,11,D HALE,0,6,6,3,2,1,0,0,0,0,0,0,0
ENGLISH,150,12,R HIRST,4,2,7,0,3,2,0,0,0,0,0,0,0
ENGLISH,150,16,C HOLLIS,0,7,4,2,0,0,0,0,0,0,0,0,0
ENGLISH,150,17,J BADER,0,5,2,3,1,0,0,0,0,0,0,0,0
ENGLISH,161,1,K PUCKETT,0,31,31,10,3,0,0,0,1,0,0,0,3
ENGLISH,165,1,J KNAPP,1,9,3,6,4,0,0,0,0,0,0,0,0
ENGLISH,166,1,B BLAISE,2,8,8,3,1,2,3,0,0,0,0,0,2
ENGLISH,166,2,D MILLER,0,11,3,3,0,0,0,0,0,0,0,0,0
ENGLISH,175,1,J MILLER,0,8,6,4,3,1,1,0,0,0,0,0,1
ENGLISH,179,1,A BANFIELD,1,3,4,5,2,2,3,0,0,0,0,0,0
ENGLISH, 180L,1,E FALCI,4,3,5,2,2,0,0,0,0,0,0,0,1
ENGLISH,C107,1,S GOLDSMITH,0,19,27,29,19,7,2,4,2,0,0,0,1
ENGLISH,H195B,2,C LANGAN,1,9,3,1,0,0,0,0,0,0,0,0,0
ENGLISH,H195B,3,S SCHWEIK,0,11,0,3,0,0,0,0,0,0,0,0,0
ENGLISH,R001A,1,A DROSDICK,0,2,3,5,3,1,1,2,0,0,0,0,0
ENGLISH,R001A,2,J ECKE,0,2,10,2,1,0,1,0,0,0,0,0,0
ENGLISH,R001A,3,B HSU,0,4,9,2,4,1,0,0,0,0,0,0,0
ENGLISH,R001A,4,V EYBER,0,0,7,5,3,1,0,0,0,0,0,0,0
ENGLISH,R001A,5,C FALCONE,0,2,7,5,1,2,0,0,0,0,0,0,0
ENGLISH,R001A,6,R MCDERMOTT,1,1,3,4,5,3,0,0,0,0,0,0,0
ENGLISH,R001A,7,P GOODWIN,0,3,5,6,3,1,0,0,0,0,0,0,0
ENGLISH,R001A,8,T MARTIN,0,2,2,4,4,3,1,1,0,0,0,0,0
ENGLISH,R001A,9,E EDWARDS,0,2,3,4,5,2,0,1,0,0,0,0,0
ENGLISH,R001A,10,S NAUMOVSKA,0,4,6,5,1,1,1,0,0,0,0,0,0
ENGLISH,R001B,1,B GRETEMAN,0,1,3,4,2,2,3,1,0,0,0,0,0
ENGLISH,R001B,2,J BARTLETT,0,4,5,3,3,2,0,0,0,0,0,0,0
ENGLISH,R001B,3,M NGUYEN,0,0,2,9,6,0,2,1,0,0,0,0,0
ENGLISH,R001B,4,D GREINER,0,8,2,2,2,0,0,0,0,1,0,0,1
ENGLISH,R001B,5,C CHEN,0,5,9,4,1,1,0,0,0,0,0,0,0
ENGLISH,R001B,6,S POPKIN,1,6,4,5,0,0,0,0,0,0,0,0,0
ENGLISH,R001B,7,N ASARO,0,7,4,5,2,0,0,0,0,0,0,0,0
ENGLISH,R001B,8,D MENILLA,0,3,7,6,0,0,0,0,0,0,0,0,0
ENGLISH,R001B,9,N CECIRE,0,2,3,4,5,2,0,0,0,0,0,0,1
ENGLISH,R001B,10,A MCCLANAHAN,0,1,8,3,3,1,0,0,0,1,0,0,0
ENGLISH,R001B,11,J NICKELS,1,1,7,5,2,0,0,0,0,0,0,0,0
ENGLISH,R001B,12,P ANDERSON,0,1,4,4,3,0,0,0,0,1,0,0,0
ENGLISH,R001B,13,F MURPHY,0,5,1,4,6,0,1,0,0,0,0,0,0
ENGLISH,R001B,14,J JORDAN,0,6,5,1,1,1,0,0,0,0,0,0,0
ENGLISH,R001B,15,M FABROS,0,2,5,5,5,0,0,0,1,0,0,0,0
ENGLISH,R001B,16,T AUCLAIR,0,2,1,2,5,3,2,0,0,1,0,0,1
ENGLISH,R001B,17,K BLACK,0,9,6,2,0,0,0,0,0,0,0,0,0
ENGLISH,R001B,18,B GRAVES,3,10,0,4,0,0,0,0,0,0,0,0,0
ENGLISH,R001B,19,J COSTANTINO,0,1,3,3,6,0,0,0,0,0,0,0,1
ENGLISH,R001B,20,C LEGERE,0,4,5,5,3,1,0,0,0,0,0,0,0
ENGLISH,R050,1,K FUJIE,0,6,5,2,2,0,0,0,0,0,0,0,1
ENGLISH,R050,2,J HURH,0,8,4,2,0,0,0,0,0,0,0,0,0
ENV DES,1,1,W EISENSTEIN,0,27,35,18,14,7,0,0,1,0,0,0,2
ENV DES, 011A,1,J SLUSKY,1,15,29,22,11,3,0,2,0,0,0,0,0
ENV DES, 011B,1,K PLYMALE,0,10,13,23,13,8,2,0,3,0,0,0,1
ENV DES,100,1,A ROY,1,48,34,26,11,5,1,1,0,0,0,0,0
ENV DES, 101B,1,R LIFCHEZ,0,10,1,0,0,0,0,0,0,0,0,0,0
ENV DES,105,1,L STRAIN,3,13,4,1,1,0,0,0,0,0,0,0,0
ENV DES,C169B,1,P GROTH,1,10,7,5,8,3,2,0,0,0,0,0,2
ENV SCI,10,1,M FIRESTONE,0,16,14,17,9,6,3,4,3,0,2,0,5
ENV SCI,100,1,W SOUSA,1,12,2,6,7,4,1,6,2,0,1,0,0
ENV SCI,125,1,W BERRY,4,47,16,5,0,0,0,0,0,0,0,0,1
ENV SCI, 196B,1,J LATTO,3,5,10,7,2,3,0,0,1,0,0,0,0
ENV SCI, 196L,1,J LATTO,1,4,4,6,2,2,0,0,0,0,0,0,0
ENVECON, 140AC,1,J ROMM,0,8,2,2,4,0,0,0,0,0,0,0,0
ENVECON,142,1,S VILLAS-BOAS,27,10,12,6,1,0,0,0,0,0,0,0,0
ENVECON,153,1,C TRIST,2,8,10,6,7,3,2,4,2,0,0,0,1
ENVECON,162,1,W HANEMANN,2,12,5,7,0,2,2,0,0,0,0,0,1
ENVECON,C001,1,J GILLESS,7,6,4,4,6,2,5,3,0,1,0,0,1
ENVECON,C101,1,D ZILBERMAN,3,11,9,4,3,9,5,7,9,2,1,0,3
EPS,3,1,J KIRCHNER,4,32,9,13,27,2,8,5,2,0,0,0,1
EPS, 039A,1,H HELGESON,4,30,0,4,9,0,0,0,0,0,0,0,0
EPS,50,1,C WANG,2,6,3,2,3,2,1,1,1,0,0,0,1
EPS,80,1,W BERRY,5,92,63,121,60,22,10,4,0,0,0,0,3
EPS, 100B,1,P RENNE,1,3,1,4,3,0,0,0,0,0,0,0,1
EPS,101,1,G BRIMHALL,4,3,8,0,0,1,0,1,0,0,0,0,0
EPS,102,1,R JEANLOZ,3,4,8,8,2,0,0,1,0,0,0,0,0
EPS,103,1,J BISHOP,1,2,4,1,1,3,0,2,0,0,0,0,0
EPS,130,1,D DREGER,0,5,4,3,1,1,1,0,0,0,0,0,0
EPS,C012,1,M MANGA,0,21,8,8,1,1,4,2,2,0,0,0,0
ESPM, 050AC,1,K SPREYER,9,92,22,13,17,6,3,5,2,0,2,0,0
ESPM,60,1,J CHRISTIAN-SMITH,3,3,5,15,2,1,0,1,0,0,0,0,0
ESPM,72,1,P GONG,1,4,4,4,1,0,0,0,0,0,0,0,0
ESPM, 102C,1,F CASTILLO,1,5,3,5,4,0,1,1,0,0,0,0,0
ESPM, 102D,1,J ROMM,4,16,19,11,10,0,0,0,0,0,0,0,0
ESPM,110,1,K MILTON,7,18,9,11,19,4,11,3,1,1,0,0,3
ESPM,111,1,W SILVER,0,7,6,1,9,1,5,4,1,0,1,0,2
ESPM,112,1,R ALMEIDA,0,3,2,2,3,3,0,2,2,0,0,0,0
ESPM,113,1,S WELTER,0,7,7,8,2,2,3,3,0,0,0,0,0
ESPM,114,1,J BRASHARES,8,26,23,14,17,13,7,7,6,1,1,2,0
ESPM, 116C,1,W SILVER,0,5,4,2,8,1,1,8,0,0,0,0,4
ESPM,134,1,T BRUNS,2,6,8,6,6,1,0,1,0,0,0,0,0
ESPM,144,1,M TANOUYE,1,34,9,0,1,0,0,0,1,0,0,0,1
ESPM,146,1,R LANE,0,5,3,1,5,4,1,2,0,0,0,0,1
ESPM,151,1,L FORTMANN,0,23,14,6,11,2,1,2,1,0,0,0,0
ESPM,162,1,D WINICKOFF,2,18,28,26,16,6,0,1,0,0,0,0,0
ESPM,165,1,C CARR,17,20,7,11,2,0,0,0,0,0,0,0,0
ESPM, 178A,1,S FAIRFAX,0,8,3,1,0,0,0,0,0,0,0,0,0
ESPM, 181A,1,S STEPHENS,0,9,7,4,5,0,0,1,0,0,1,0,0
ESPM,C010,1,S WELTER,0,11,35,8,12,9,4,0,1,1,0,0,1
ESPM,C191,1,M LOVELL,0,1,3,2,2,1,1,1,0,0,1,0,1
ETH STD, 010B,1, MALDONADO TORRES,0,33,27,13,6,5,1,2,3,2,1,0,5
ETH STD, 021AC,1,V ROBINSON,8,52,26,36,13,15,6,3,5,0,0,1,1
ETH STD, 039A,1,A SARAGOZA,0,3,4,3,1,0,0,0,0,0,0,0,0
ETH STD,100,1,G CHOY,0,18,12,2,1,0,1,0,1,0,0,0,0
ETH STD, 101B,1, MALDONADO TORRES,0,23,13,16,16,8,4,5,2,0,1,0,0
ETH STD, 103A,1,D PALAITA,9,19,7,4,2,1,0,0,0,0,0,0,0
ETH STD, 135AC,1,G ARELLANO,0,8,8,5,2,0,0,0,0,0,0,0,1
ETH STD,147,1,S BROWN,10,7,8,2,0,0,1,0,0,0,0,0,0
ETH STD, 150AC,1,R ALLEN,27,36,14,9,4,0,1,0,0,0,0,0,0
ETH STD,C126,1,M CAPPELLI,2,12,8,2,0,0,0,1,0,0,0,0,0
FILM, 025A,1,K ASKARI,1,14,12,5,3,5,1,0,0,0,0,0,0
FILM, 025B,1,M FABE,0,19,9,4,13,4,1,1,1,0,0,0,3
FILM, 028A,1,J HAYNES,3,19,14,9,2,0,0,0,0,0,0,0,0
FILM,50,1,M FABE,2,53,25,14,8,1,1,0,0,0,0,0,1
FILM,108,1,K WHISSEL,0,3,10,13,9,1,0,0,0,0,0,0,1
FILM,108,2,C COMBS,0,7,16,9,5,1,1,2,0,1,0,0,0
FILM,108,3,A KAPSE,0,15,7,0,0,0,0,0,0,0,0,0,0
FILM,140,1,M BERGER,0,2,8,9,7,10,3,1,1,1,0,0,0
FILM,140,2,C COMBS,0,4,16,9,1,3,0,0,0,0,0,0,0
FILM,151,1,L RUGG,1,1,10,4,2,1,0,0,0,0,0,0,1
FILM,151,2,A KAES,2,5,4,3,3,2,0,1,0,0,0,0,1
FILM,151,3,G MOSES,0,7,5,2,3,1,0,1,0,0,0,0,2
FILM,160,1,N BRIZUELA,2,5,4,4,5,0,0,0,0,0,0,0,2
FILM, 180A,1,J KOPELL,0,10,2,1,1,1,0,0,0,0,0,0,0
FILM,181,1,G NIEMEYER,3,5,3,2,0,0,0,0,0,0,1,0,0
FILM,R001B,1,B BELISLE,2,5,11,4,0,0,1,1,0,0,0,0,2
FILM,R001B,2,M HOY,1,1,3,6,3,1,0,0,0,0,0,0,0
FILM,R001B,3,I CHIEN,2,12,8,4,3,1,2,0,0,0,0,0,1
FRENCH,1,1,N TIMMONS,0,7,4,1,1,0,1,0,0,0,0,0,0
FRENCH,1,2,L MARTIN,0,7,3,3,1,0,0,0,0,0,0,0,0
FRENCH,1,3,N TIMMONS,0,13,2,1,1,0,1,0,0,0,0,0,0
FRENCH,1,4,D DIVITA,1,4,3,2,2,1,2,1,0,0,0,0,0
FRENCH,1,6,S BATTIS,0,2,6,3,2,1,0,0,0,0,0,0,0
FRENCH,1,7,S ROBERTS,0,14,4,0,0,0,0,0,0,0,0,0,0
FRENCH,1,8,S ROBERTS,0,14,1,0,0,0,0,0,0,0,0,0,0
FRENCH,2,3,H FREED-THALL,0,5,8,0,0,0,0,0,0,0,0,0,0
FRENCH,2,4,D RAFONI,0,2,5,5,1,1,0,0,0,0,0,0,0
FRENCH,2,5, YOSHIOKA-MAXWELL,0,1,3,3,3,0,1,0,0,0,0,0,1
FRENCH,2,6,C KEARNS,0,4,5,3,2,1,0,0,0,0,0,0,0
FRENCH,2,7,M VENDETTI,0,7,4,3,1,0,1,0,0,0,0,0,0
FRENCH,2,8,N LANDERS,1,5,5,2,0,2,0,0,0,0,0,0,0
FRENCH,2,9,T WOLCOTT,0,6,6,1,1,0,0,0,0,0,0,0,0
FRENCH,3,1,D PRIES,1,3,3,0,3,1,0,1,0,0,0,0,0
FRENCH,3,3,L MARTIN,0,5,4,0,1,0,0,0,1,0,0,0,0
FRENCH,3,6,F LEMOINE,1,8,2,0,1,0,0,0,0,0,0,0,0
FRENCH,4,1,H BILIS,2,8,4,2,0,0,0,0,0,0,0,0,0
FRENCH,4,2,M KENTFIELD,0,7,6,2,2,0,0,0,0,0,0,0,0
FRENCH,4,3,A BOUTANG,0,5,0,1,6,2,1,2,0,0,1,0,0
FRENCH,4,4,C ARRAGAIN,0,6,2,1,2,1,1,2,0,0,0,0,0
FRENCH,13,1,D PRIES,0,4,3,1,3,0,0,0,0,0,0,0,0
FRENCH,102,1,J DUTOIT,0,8,7,0,0,0,0,0,0,0,0,0,0
FRENCH,102,2,R SHUH,0,2,3,5,4,1,0,0,0,0,0,0,0
FRENCH,102,3,N TIMMONS,1,10,4,1,1,0,0,1,0,0,0,0,0
FRENCH, 103A,1,A BRAWN,1,2,8,1,2,0,0,0,0,0,0,0,0
FRENCH, 112A,1,D HULT,0,4,4,2,4,0,0,0,0,0,0,0,0
FRENCH, 118A,1,M BOMBART,0,0,8,8,2,0,0,0,0,0,0,0,0
FRENCH, 119A,1,R SHUH,0,2,3,2,3,1,0,1,0,0,0,0,0
FRENCH, 161A,1,M BOMBART,0,0,7,3,3,0,0,0,0,0,0,0,0
FRENCH, 177A,1,J DUTOIT,2,8,4,3,0,0,0,0,0,0,0,0,0
FRENCH,R001A,1,G ZUPSICH,1,6,2,2,3,0,1,1,0,0,0,0,0
FRENCH,R001A,2,P ROSSOUKH,0,8,4,4,0,0,0,0,0,0,0,0,0
FRENCH,R001B,1,M ELLIS,0,4,4,2,7,0,0,0,0,0,0,0,1
GEOG,20,1,C KARACAS,7,29,13,11,9,6,2,2,0,0,1,0,0
GEOG,40,1,A BLISS,1,13,6,2,4,2,0,3,0,2,1,1,1
GEOG,51,1,Y HSING,3,15,10,6,3,1,1,0,1,0,1,0,0
GEOG,109,1,A BYRNE,0,13,2,3,1,0,0,3,1,0,2,0,1
GEOG,130,1,C TRIST,10,34,13,15,18,7,4,4,2,1,0,0,1
GEOG,170,1,M FEAKINS,0,6,1,2,2,0,0,0,0,0,0,0,0
GEOG,175,1,A BYRNE,2,6,3,0,2,0,0,0,0,0,0,0,0
GEOG,183,1,D JENSEN,0,10,2,0,0,0,0,0,0,0,0,0,0
GEOG,C110,1,R WALKER,1,9,15,15,19,4,7,4,0,0,0,0,4
GEOG,C112,1,G HART,1,5,4,4,7,3,0,0,1,0,0,0,0
GEOG,C152,1,R HOLUB,0,5,2,0,0,2,0,0,1,0,1,0,1
GEOG,C160B,1,P GROTH,0,6,2,8,4,0,0,0,0,0,0,0,0
GERMAN,1,2,A YAMINI-HAMEDANI,0,8,3,0,0,0,0,0,0,0,0,0,0
GERMAN,1,4,N MEROLLE,1,8,2,2,1,0,0,0,0,0,0,0,0
GERMAN,2,1,P LAYNE,4,6,2,0,0,0,0,0,0,0,0,0,0
GERMAN,2,2,J HAUBENREICH,1,6,2,2,4,0,0,0,1,0,0,0,0
GERMAN,2,3,M KOLAR,0,7,9,2,0,0,0,0,0,0,0,0,0
GERMAN,2,4,R BUCHER,1,9,2,1,1,1,0,1,0,0,0,0,0
GERMAN,3,1,M ETZLER,2,11,5,0,0,0,0,0,0,0,0,0,0
GERMAN,4,1,E BANWELL,0,7,5,0,0,1,0,0,0,0,0,0,0
GERMAN,40,1,G TOTH,6,6,0,0,0,0,0,0,0,0,0,0,0
GERMAN,100,1,H SEEBA,3,3,5,1,1,0,0,0,0,0,0,0,0
GERMAN,101,1,N MEROLLE,0,6,6,1,0,1,0,0,0,0,0,0,0
GERMAN, 102D,1,N MEROLLE,0,14,4,1,0,1,0,0,0,0,0,0,0
GERMAN,148,1,W KUDSZUS,1,8,2,1,1,0,0,0,0,0,0,0,0
GERMAN, 160B,1,M SCHUERING,1,7,5,5,1,0,0,0,0,0,0,0,0
GERMAN,179,1,C KRAMSCH,0,9,2,0,0,1,0,0,0,0,0,0,0
GERMAN,C113,1,N LARGIER,0,6,5,1,1,0,0,0,0,0,0,0,0
GERMAN,R005B,1,G TOTH,1,26,0,0,0,0,0,0,0,0,0,0,0
GERMAN,R005B,2,G BARKER,0,9,4,3,1,0,0,0,0,0,0,0,0
GERMAN,R005B,3,J BRETT,3,16,4,0,0,0,0,0,0,0,0,0,0
GERMAN,R005B,4,E BANWELL,0,12,4,0,1,0,0,0,0,0,0,0,0
GREEK,2,1,G FERRARI,1,4,5,3,3,2,0,0,0,0,0,0,1
GREEK,101,1,M GRIFFITH,0,11,5,4,2,0,1,0,0,0,0,0,0
GWS,10,1,P BACCHETTA,11,16,4,1,1,0,0,0,0,0,0,0,1
GWS,20,1,M MOALLEM,0,10,8,2,3,0,1,0,0,0,0,0,0
GWS,40,1,M JAY,2,6,5,3,3,3,2,2,0,0,1,0,1
GWS, 100AC,1,S GEORGE,0,2,13,7,8,6,1,1,0,0,0,0,0
GWS,101,1,B BARNES,0,13,8,2,2,3,0,0,0,0,0,0,1
GWS,104,1,C THOMPSON,2,8,7,4,4,0,0,0,0,0,0,0,0
GWS,129,1,B BARNES,0,22,7,2,3,0,0,0,0,0,0,0,0
GWS,141,1,A AGIS,1,19,15,16,2,3,1,0,0,0,0,0,1
GWS,R001B,1,S GEORGE,0,3,1,2,5,2,0,0,0,0,2,0,0
HIN-URD, 001B,1,C PLUMMER,0,9,1,2,0,0,0,0,0,0,0,0,0
HIN-URD, 001B,2,U BHATTACHARYA,7,7,3,2,3,0,0,0,0,0,0,0,0
HIN-URD, 100B,1,U JAIN,2,11,3,2,1,1,0,0,0,0,0,0,0
HIN-URD, 103B,1,A AHMAD,0,9,2,1,1,0,0,0,0,0,0,0,0
HISTART,11,1,D GRIGSBY,7,24,40,26,31,10,4,2,0,0,0,0,1
HISTART, 136C,1,J WILLIAMS,1,4,15,7,3,1,0,0,0,0,0,0,0
HISTART, 141A,1,A STEWART,1,3,11,7,10,3,3,1,1,0,0,0,1
HISTART,161,1,L PARTRIDGE,3,4,8,8,13,5,1,2,1,0,0,0,1
HISTART, 185A,1,K MULLER,0,3,16,2,7,5,1,3,1,0,0,0,1
HISTART, 186A,1,S ZEIDLER,0,6,7,7,12,2,1,1,0,0,1,0,1
HISTART, 187B,1,A WAGNER,0,6,17,7,7,4,2,0,1,0,0,0,1
HISTART, 190A,1,L ALLEN,4,21,8,7,4,2,3,1,0,0,0,0,0
HISTART, 190C,1,L REGAN,0,15,18,13,9,3,2,2,0,0,0,0,0
HISTART, 190E,1,T OLSON,0,8,24,8,5,1,0,0,0,0,0,0,0
HISTART, 190F,1,C ZUROMSKIS,0,4,2,1,2,4,0,1,0,0,0,0,1
HISTART, 192D,1,L REGAN,0,12,3,2,0,1,0,0,0,0,0,0,0
HISTART, 192E,1,E HONIG,0,2,2,2,1,2,0,0,0,1,0,0,1
HISTART,C121B,1,R SHANI,2,7,4,5,1,1,0,0,0,0,0,0,0
HISTART,R001B,1,N BASSIRI,0,7,7,3,0,0,0,0,0,0,0,0,0
HISTART,R001B,2,S MARTIN,0,2,4,3,6,0,0,0,0,0,0,0,0
HISTART,R001B,3,A GRUDIN,0,3,7,3,1,2,1,0,0,0,0,0,0
HISTART,R001B,4,K MULLER,0,5,5,3,0,1,0,0,0,0,0,0,0
HISTART,R001B,5,F CHUNG,0,2,7,3,1,0,0,0,0,0,0,0,0
HISTART,R001B,6, CYGANIK-WILLIAMS,1,1,3,2,1,2,1,0,0,0,0,0,0
HISTART,R001B,7,S ARCHIAS,0,4,7,2,3,2,0,0,0,0,0,0,0
HISTART,R001B,8,S HAMILL,1,1,3,4,4,0,2,0,0,0,0,0,0
HISTART,R001B,9,V RODIC,0,7,5,2,0,0,0,0,0,0,0,0,0
HISTORY, 004B,1,W DOHAR,14,26,21,1,6,2,2,2,3,0,1,0,3
HISTORY,5,1,M ANDERSON,0,32,27,24,27,8,6,2,1,0,1,0,0
HISTORY, 006B,1,W YEH,4,16,12,8,3,3,0,0,0,0,0,0,4
HISTORY, 007B,1,L LITWACK,0,124,109,89,109,46,19,19,10,2,1,2,8
HISTORY, 008B,1,M HEALEY,4,18,13,13,12,13,2,7,0,3,2,0,6
HISTORY,10,1,A OSSEO-ASARE,0,19,6,1,2,1,0,0,0,0,0,0,0
HISTORY,11,1,E IRSCHICK,0,4,8,5,5,1,1,0,0,0,0,0,1
HISTORY, 030B,1,S GROPPI,0,2,7,10,9,0,2,0,0,0,0,0,1
HISTORY, 039S,1,E MACKIL,0,2,8,3,1,2,0,1,0,0,0,0,0
HISTORY, 039T,1,M NYLAN,0,5,6,3,0,0,0,0,0,0,0,0,0
HISTORY, 039U,1,B ELLIOTT,0,3,3,3,4,2,0,0,0,0,0,0,0
HISTORY, 039V,1,C KNAPP,0,4,6,4,1,1,0,0,0,0,0,0,0
HISTORY,100,1,L KABORYCHA,0,7,4,4,2,0,0,1,0,0,0,0,1
HISTORY,100,2,L SEGAL,0,2,10,18,4,3,3,1,1,1,0,0,1
HISTORY,101,4,C FALK,2,6,3,0,1,0,0,0,0,0,0,0,1
HISTORY,101,14,C TRUMPER,0,3,2,0,2,1,2,1,0,0,0,0,0
HISTORY,101,16,C CHEN,0,3,5,1,3,0,0,1,1,0,0,0,0
HISTORY,101,17,J LITTLE,0,4,4,2,3,0,0,0,0,0,1,0,1
HISTORY, 103D,2,C AGEE,0,7,5,2,1,0,0,0,0,0,0,0,0
HISTORY, 103D,3,R ROSEN,1,1,8,2,0,0,1,0,0,0,0,0,0
HISTORY, 103U,2,G KOZIOL,0,6,8,1,0,0,0,0,0,0,0,0,0
HISTORY, 106A,1,C NORENA,0,20,25,27,33,14,12,2,3,0,1,0,1
HISTORY, 109C,1,S TAMARI,0,15,25,13,5,3,0,0,1,0,0,0,0
HISTORY, 114B,1,P DESHPANDE,0,3,4,8,5,0,1,0,0,0,0,0,1
HISTORY, 117A,1,D JOHNSON,0,6,6,4,6,1,6,2,1,1,1,0,0
HISTORY, 118C,1,A BARSHAY,4,10,17,10,9,2,0,2,0,0,1,0,4
HISTORY, 121B,1,M FOLETTA,0,6,8,9,17,3,1,2,2,1,0,0,0
HISTORY, 122AC,1,D HENKIN,0,17,49,56,41,17,5,1,0,1,0,0,3
HISTORY, 124B,1,K FRYDL,0,21,14,24,9,7,4,4,0,0,0,0,1
HISTORY, 125A,1,W MARTIN,0,12,5,7,4,1,0,1,0,0,0,0,3
HISTORY, 126B,1,M BRILLIANT,0,13,3,5,9,3,3,1,3,1,3,1,6
HISTORY, 130B,1,L QURESHI,0,6,10,11,17,3,0,4,0,0,1,1,5
HISTORY,135,1,J SPEAR,0,5,7,3,8,6,0,1,0,0,0,0,1
HISTORY,143,1,L LEWIN,0,8,5,7,12,3,1,0,0,0,0,0,2
HISTORY, 151C,1,J VERNON,1,6,19,12,4,3,3,1,2,1,0,0,1
HISTORY,153,1,T METCALF,0,2,8,7,4,1,2,0,0,0,0,0,1
HISTORY, 158C,1,T STOVALL,0,11,19,17,14,12,5,3,0,0,1,0,1
HISTORY,161,1,R ABRAMS,3,8,2,4,5,2,2,2,4,0,2,0,15
HISTORY, 162B,1,A ADAMTHWAITE,0,22,35,23,27,4,2,2,0,0,2,0,0
HISTORY, 163B,1,M JAY,0,11,13,2,4,2,1,1,0,0,1,0,1
HISTORY, 165B,1,S BARROWS,3,3,3,8,7,1,0,0,0,0,0,0,0
HISTORY, 167C,1,D WETZEL,5,7,7,2,2,3,0,0,0,0,0,0,0
HISTORY, 171A,1,J KOLLMANN,0,10,3,0,0,0,0,0,0,0,0,0,0
HISTORY, 171C,1,D KOZLOV,1,6,17,5,17,2,1,0,0,0,0,0,0
HISTORY, 177A,1,S ASTOURIAN,0,3,1,3,2,2,0,0,0,0,1,0,0
HISTORY, 185B,1,T DANDELET,0,7,16,7,4,0,0,1,0,0,1,0,0
IAS,45,1,A KARRAS,0,26,24,20,32,11,4,8,3,0,0,0,7
IAS,102,1,C TALWALKER,0,13,1,6,3,1,0,1,0,0,0,0,0
IAS,107,1,J DELONG,2,16,14,11,11,10,3,4,3,2,0,0,0
IAS,140,3,I TESFAMARIAM,9,4,0,0,0,0,0,0,0,0,0,0,0
IAS,C145,1,R HOLUB,1,2,3,0,4,0,1,0,0,0,0,0,0
IDS,110,1,A AZEVEDO,10,30,30,21,21,8,0,3,2,0,0,0,0
IND ENG, 039B,1,I ADLER,0,21,0,0,1,0,0,0,0,0,0,0,0
IND ENG,130,1,R LEACHMAN,1,5,6,7,8,7,0,1,1,0,1,0,0
IND ENG,131,1,L SCHRUBEN,2,12,1,3,7,2,2,2,0,2,1,1,0
IND ENG,161,1,A LIM,4,11,14,13,16,5,2,0,0,0,0,0,0
IND ENG,162,1,M ZHANG,1,9,7,12,13,6,3,2,2,0,0,0,0
IND ENG,165,1,J SHANTHIKUMAR,6,22,3,3,11,2,2,2,0,0,1,0,0
IND ENG,166,1,S OREN,4,7,8,8,9,5,5,4,0,0,0,0,1
IND ENG,170,1,J WANG,0,16,11,7,10,3,0,3,0,0,0,0,0
IND ENG,171,1,I SIDHU,6,12,13,4,5,5,10,0,2,0,0,0,0
IND ENG,180,1,P KAMINSKY,0,21,10,0,0,0,0,0,0,0,0,0,0
IND ENG, 190A,1,I SIDHU,0,11,9,2,4,0,0,0,0,0,0,0,0
IND ENG, 190C,1,I SIDHU,3,7,4,0,0,0,0,0,0,0,0,0,0
IND ENG, 190E,1,I SIDHU,0,7,5,0,0,0,0,0,0,0,0,0,0
INTEGBI,24,2,R CALDWELL,0,3,3,3,0,1,1,0,0,0,0,0,0
INTEGBI,24,5,D ACKERLY,0,11,0,0,0,0,0,0,0,0,0,0,1
INTEGBI,31,1,R CALDWELL,3,15,8,3,14,2,2,10,4,0,3,0,2
INTEGBI,102,1,D KELCH,0,3,1,5,5,1,0,0,2,0,0,0,0
INTEGBI, 102L,1,D KELCH,0,2,1,3,2,1,0,0,2,0,0,0,0
INTEGBI,104,1,J MCGUIRE,1,3,6,4,9,5,0,5,0,0,2,2,2
INTEGBI, 104L,1,J MCGUIRE,0,1,2,2,3,2,0,0,0,0,2,0,2
INTEGBI, 104L,2,J MCGUIRE,1,2,4,2,5,4,0,5,0,0,0,2,0
INTEGBI,115,1,H LIM,3,3,4,1,2,0,0,0,0,0,0,1,0
INTEGBI,119,1,G CALDWELL,1,4,4,1,1,1,1,1,0,0,0,0,0
INTEGBI,128,1,C MCLAUGHLIN,6,24,15,15,41,5,3,6,0,0,0,0,1
INTEGBI,132,1,S LEHMAN,46,50,122,36,70,0,0,22,0,0,7,0,2
INTEGBI, 132L,1,S LEHMAN,0,8,12,0,3,1,0,0,0,0,0,0,0
INTEGBI, 132L,2,S LEHMAN,4,4,11,0,4,0,0,0,0,0,0,0,0
INTEGBI, 132L,3,S LEHMAN,3,5,11,0,6,0,0,0,0,0,0,0,0
INTEGBI, 132L,4,S LEHMAN,2,7,10,0,5,0,0,0,0,0,0,0,0
INTEGBI, 132L,5,S LEHMAN,0,10,12,0,3,0,0,0,0,0,0,0,0
INTEGBI, 132L,6,S LEHMAN,2,5,12,0,4,0,0,0,0,0,0,0,0
INTEGBI, 132L,7,S LEHMAN,0,10,11,0,4,0,0,0,0,0,0,0,0
INTEGBI, 132L,8,S LEHMAN,2,9,9,0,4,0,0,0,0,0,0,0,0
INTEGBI,138,1,G BENTLEY,0,9,0,0,10,0,0,2,0,0,0,0,0
INTEGBI,140,1,T CARLSON,19,125,85,52,44,9,0,14,0,0,1,0,0
INTEGBI,146,1,E LACEY,1,14,13,12,11,4,0,1,0,0,0,0,0
INTEGBI, 146L,1,E LACEY,0,1,8,4,0,0,0,0,0,0,0,0,0
INTEGBI, 146L,2,E LACEY,0,7,3,6,5,0,1,0,0,0,0,0,0
INTEGBI,151,1,T DAWSON,0,3,0,7,13,0,3,4,0,0,0,1,0
INTEGBI, 151L,1,T DAWSON,0,2,4,2,3,0,0,0,0,0,0,0,0
INTEGBI,152,1,D WESTON,0,7,4,3,13,3,5,3,0,0,3,0,0
INTEGBI,167,1,J LIPPS,0,53,21,11,67,3,2,11,1,0,1,0,1
INTEGBI,168,1,B BALDWIN,2,5,5,0,3,1,0,2,0,0,0,0,0
INTEGBI,174,1,G LANGHAM,1,4,2,1,0,1,0,1,0,0,1,0,0
INTEGBI, 174L,1,G LANGHAM,1,4,2,1,0,1,0,1,0,0,1,0,0
INTEGBI,183,1,K PADIAN,1,5,9,8,6,5,2,2,0,1,0,0,0
INTEGBI, 183L,1,K PADIAN,1,5,5,2,1,3,1,0,0,0,0,0,0
INTEGBI, 183L,2,K PADIAN,2,3,3,5,3,2,0,1,0,0,0,0,0
INTEGBI,C100,1,B INGRAM,0,7,4,0,1,1,0,1,0,0,0,0,0
INTEGBI,C129,1,S JOHANNESSEN,0,6,3,3,0,0,0,1,0,0,0,0,0
INTEGBI,C143B,1,L KRIEGSFELD,1,26,17,22,26,6,7,11,9,0,1,0,0
ISF,62,1,R EHRLICH,0,1,7,2,6,3,2,3,2,1,0,0,0
ISF, 100A,1,E KLEE,0,15,13,6,7,7,7,1,1,1,0,0,8
ISF, 100A,2,A IPSEN,9,20,9,2,1,0,0,0,1,0,0,0,0
ISF, 100B,1,G WREN,2,11,6,5,14,6,4,3,1,2,1,0,2
ISF, 100E,1,U CIPOLAT,0,36,32,13,3,1,0,0,0,0,0,0,0
ISF,189,1,R HOLUB,0,16,0,0,1,0,0,0,0,0,0,0,2
ISF,190,1,R EHRLICH,0,6,1,3,3,2,1,3,0,0,0,0,2
ISF,190,2,U CIPOLAT,4,2,5,1,2,0,0,0,0,0,0,0,0
ISF,190,3,U CIPOLAT,3,2,7,1,2,0,0,0,0,0,0,0,0
ISF,190,4,G WREN,0,1,1,2,1,3,5,3,1,1,0,0,4
ISF,C100C,1,K SANDERS,4,8,19,15,2,0,0,1,0,0,1,0,0
ISF,C145,1,R HOLUB,2,3,1,0,2,0,0,3,0,0,1,0,1
ISF,H195,1,E KLEE,0,8,3,5,2,0,0,0,0,0,0,0,0
ITALIAN,1,1,A DI CARLO,1,4,5,2,0,0,1,0,1,0,0,0,0
ITALIAN,1,2,M JACOBSEN,1,11,0,3,1,0,0,0,0,0,0,0,0
ITALIAN,1,3,A BELLEZZA,3,6,1,5,1,0,0,1,0,0,0,0,1
ITALIAN,1,4,A DI CARLO,2,7,2,0,2,0,0,1,0,0,0,0,0
ITALIAN,1,5,A DI CARLO,0,7,3,0,4,3,2,0,0,0,1,0,0
ITALIAN,1,7,A DI CARLO,2,11,2,0,0,0,0,0,1,0,0,0,0
ITALIAN,2,3,G BIASIN,1,4,6,6,2,1,0,0,0,0,0,0,0
ITALIAN,2,5,A DI CARLO,1,11,11,2,0,0,0,0,0,0,0,0,0
ITALIAN,3,1,G BIASIN,0,4,3,6,3,0,0,0,0,0,0,0,0
ITALIAN,4,2,A DI CARLO,4,7,4,2,1,0,0,0,0,0,0,0,0
ITALIAN,12,1,A DI CARLO,1,9,0,0,1,0,0,0,0,0,0,0,0
ITALIAN,30,1,A ASCOLI,9,8,7,5,6,0,2,1,1,1,0,0,1
ITALIAN, 101B,1,A DI CARLO,0,12,3,1,1,2,0,0,0,0,0,0,0
ITALIAN,160,1,M FULLER,3,8,3,0,1,1,0,0,0,0,0,0,0
ITALIAN,R005B,1,B SPACKMAN,2,2,5,2,4,0,0,0,0,0,0,0,0
ITALIAN,R005B,2,B SPACKMAN,2,5,1,3,3,0,0,0,0,0,0,0,0
ITALIAN,R005B,3,B SPACKMAN,1,7,5,2,0,0,0,1,0,0,0,0,1
ITALIAN,R005B,4,B SPACKMAN,2,5,6,1,1,0,0,0,0,0,0,0,1
JAPAN, 001B,2,M TOMIZUKA,0,4,3,1,1,0,0,1,0,0,0,1,1
JAPAN, 001B,3,M TOMIZUKA,1,7,4,0,3,0,1,0,0,0,0,0,1
JAPAN, 001B,5,M TOMIZUKA,0,7,3,1,1,1,1,1,0,0,0,0,1
JAPAN, 001B,6,M TOMIZUKA,1,10,0,0,1,0,1,0,0,1,0,0,0
JAPAN, 001B,7,M TOMIZUKA,0,8,2,0,0,2,2,0,0,0,0,0,0
JAPAN, 001B,8,M TOMIZUKA,0,7,4,3,3,1,1,0,0,0,0,0,0
JAPAN, 001B,9,M TOMIZUKA,1,9,4,3,0,0,0,0,0,1,0,0,0
JAPAN, 001B,10,M TOMIZUKA,2,8,2,3,1,0,1,0,0,0,0,0,0
JAPAN, 001B,11,M TOMIZUKA,1,6,3,2,3,0,0,0,0,0,0,0,0
JAPAN, 007B,1,J WALLACE,5,53,5,1,2,1,0,0,0,0,0,0,1
JAPAN, 010B,1,W KAMBARA,1,4,5,1,3,0,1,0,0,0,0,0,2
JAPAN, 010B,2,W KAMBARA,0,11,5,3,0,2,0,0,0,0,0,0,0
JAPAN, 010B,3,W KAMBARA,0,10,4,3,2,2,0,0,0,1,0,0,0
JAPAN, 010B,4,W KAMBARA,1,7,2,7,2,0,2,1,0,0,0,0,0
JAPAN, 010B,5,W KAMBARA,2,6,7,4,3,0,0,0,1,1,0,0,0
JAPAN, 100B,1,N WALLACE,0,8,5,4,2,0,0,0,0,0,0,0,0
JAPAN, 100B,2,N WALLACE,1,8,4,0,1,1,0,0,0,0,0,0,0
JAPAN, 100B,3,N WALLACE,0,7,4,1,4,1,1,2,1,0,0,0,0
JAPAN, 100B,4,N WALLACE,0,7,1,2,2,0,0,0,0,0,0,0,0
JAPAN,102,1,C SHIBAHARA,0,7,5,0,0,1,1,2,0,0,0,0,0
JAPAN,132,1,J WALLACE,1,27,7,0,1,0,0,0,0,0,0,0,0
JAPAN,159,1,K NISHIMURA,1,8,4,5,5,2,1,0,0,0,0,0,0
JAPAN,170,1,J WALLACE,1,14,7,2,0,0,0,0,0,0,0,0,0
JAPAN,172,1,C KARACAS,6,6,0,0,1,0,0,0,0,0,0,0,0
JOURN,24,1,L CHAVEZ,1,12,1,0,0,0,0,0,0,0,0,0,0
JOURN, 039I,1,M CHAKAROVA,2,9,0,0,0,0,0,0,0,0,0,0,0
JOURN,141,1,T GOLDSTEIN,0,23,33,28,23,8,4,3,0,0,0,0,1
KOREAN, 001B,1,K KO,3,7,4,0,1,0,1,0,0,0,0,0,0
KOREAN, 001B,2,K KO,1,9,2,0,0,0,0,0,0,0,0,0,0
KOREAN, 001BX,2,S LEE,3,11,4,1,0,0,0,0,0,0,0,0,0
KOREAN, 001BX,3,S LEE,6,12,1,0,0,0,0,0,0,0,0,0,0
KOREAN, 001BX,4,S LEE,6,13,2,0,0,1,0,0,0,0,0,0,0
KOREAN, 007B,1,K OH,11,17,4,5,2,0,0,0,0,0,0,0,0
KOREAN, 010BX,1,M LEE,3,16,2,0,0,0,0,0,0,0,0,0,0
KOREAN, 010BX,2,M LEE,3,13,2,1,1,1,0,1,0,0,1,0,0
KOREAN, 010BX,3,M LEE,3,16,3,3,0,1,0,0,0,0,0,0,0
KOREAN, 100B,1,K KO,5,7,2,1,1,0,0,0,0,0,0,0,0
KOREAN, 100B,2,K KO,2,11,4,1,0,0,1,0,0,0,0,0,0
KOREAN,102,1,C YOU,1,8,4,3,0,0,0,0,0,0,0,0,0
KOREAN,112,1,K RICHARDS,1,8,0,1,1,0,0,0,0,0,0,0,1
KOREAN,140,1,J SHIN,0,6,13,3,0,0,0,0,0,0,0,0,0
L & S,17,1,M SANDBERG,1,15,10,10,7,1,2,0,0,0,0,0,2
L & S, 040AC,1,A SARAGOZA,0,2,8,10,10,4,4,1,1,0,0,0,0
L & S, 040B,1,K MORAN,0,18,18,11,2,0,0,0,1,0,0,0,0
L & S, 070A,1,S PERLMUTTER,5,42,12,4,6,2,0,0,0,0,0,0,0
L & S, 070B,1,N SAYRE,4,19,7,2,3,0,4,0,0,0,0,0,0
L & S, 150B,1,D ZAHEDI,0,40,25,9,13,2,0,2,2,1,0,0,2
L & S, 160B,1,J PHILLIPS,5,49,30,9,4,1,0,0,0,0,0,0,3
L & S, 160D,1,R SHARF,6,22,13,12,5,2,1,1,0,0,0,0,0
L & S, 180A,1,R JOYCE,42,23,3,1,4,2,0,0,0,0,0,0,0
L & S,C030V,1,S WELTER,0,4,12,2,3,3,0,0,0,0,0,0,0
L & S,C070T,1,G MARCY,0,6,6,6,1,0,1,2,1,0,0,0,0
L & S,C070V,1,R MULLER,12,39,24,29,17,16,7,2,8,0,0,0,2
LATAMST,150,1,CORONELL CASTANEDA,4,3,0,8,10,0,0,0,0,0,0,0,1
LATIN,1,3,C RONCAGLIA,2,2,5,1,1,0,0,0,1,0,0,0,0
LATIN,1,4,T DORAN,2,3,1,2,1,0,0,1,2,0,0,0,1
LATIN,2,2,G SMAY,1,4,0,2,2,0,0,1,1,0,0,0,0
LATIN,100,1,C CRAWFORD,0,6,3,1,1,0,0,0,0,0,0,0,0
LATIN,102,1,E OLIENSIS,0,10,6,4,1,2,0,0,0,0,0,0,0
LD ARCH,102,1,W HOOD,0,4,10,0,0,0,0,0,0,0,0,0,0
LD ARCH,112,1,J STILGENBAUER,1,11,4,2,2,1,0,0,0,0,0,0,1
LD ARCH,120,1,D SCHUBERT,2,3,9,5,2,3,1,0,0,0,0,1,0
LD ARCH,121,1,M LAMB,0,21,7,3,2,0,0,1,0,0,0,0,0
LD ARCH,130,1,K STRYKER,0,22,13,6,3,1,1,0,0,0,0,1,0
LD ARCH,132,1,J RADKE,13,8,5,0,0,0,0,2,0,0,0,0,0
LD ARCH,136,1,C SULLIVAN,15,9,6,5,0,0,0,0,0,0,0,0,0
LD ARCH,160,1,A ADVANI,4,7,1,5,0,0,0,1,1,0,0,0,0
LD ARCH,C171,1,L MOZINGO,0,4,4,1,1,1,0,0,0,0,0,0,0
LEGALST,103,1,D LIEBERMAN,0,8,11,9,10,9,1,5,1,0,0,0,1
LEGALST,116,1,B SHAPIRO,2,3,4,1,4,4,1,2,1,0,0,0,1
LEGALST,121,1,M SMITH,0,3,6,4,7,6,7,2,4,3,0,0,0
LEGALST,140,1,R BROWN,0,8,8,23,22,13,11,6,2,0,2,0,0
LEGALST,147,1,R COOTER,2,16,4,7,11,12,14,8,3,3,0,0,1
LEGALST,160,1,J SIMON,3,12,10,10,22,14,24,12,3,1,0,0,1
LEGALST,163,1,B KRISBERG,9,15,11,5,13,7,8,2,1,0,1,0,2
LEGALST,168,1,J HOLLINGER,0,8,6,9,16,5,10,9,4,0,1,0,1
LEGALST,176,1,H SCHEIBER,3,10,3,6,6,3,2,4,2,0,0,0,1
LEGALST,179,1,M SHAPIRO,0,18,8,3,5,3,3,4,1,0,2,0,3
LEGALST,190,1,T SASSOUBRE,0,14,10,6,0,0,0,0,0,0,0,0,0
LEGALST,190,2,M SHAPIRO,0,9,4,8,11,4,3,2,0,0,4,0,2
LGBT, 020AC,1,D ROMESBURG,0,14,19,9,7,4,0,1,0,0,0,0,0
LGBT,C148,1,M CAPPELLI,0,7,4,1,0,0,0,0,0,0,0,0,1
LINGUIS, 001A,1,S MCHOMBO,3,4,2,2,2,1,0,0,0,0,0,0,1
LINGUIS, 001B,1,S MCHOMBO,4,3,5,1,2,4,1,3,0,0,2,0,0
LINGUIS,5,1,L BUSZARD-WELCHER,13,29,17,11,7,1,1,2,0,0,0,0,3
LINGUIS,16,1,R RHODES,3,9,6,2,2,1,0,2,0,0,0,0,0
LINGUIS, 055AC,1,R LAKOFF,6,31,22,13,14,4,1,3,5,0,0,0,0
LINGUIS,100,1,A GABY,1,16,13,18,10,14,6,1,5,2,1,0,1
LINGUIS,115,1,L HYMAN,0,13,25,12,6,7,5,2,2,1,1,0,2
LINGUIS,120,1,A GABY,8,22,21,10,10,4,3,2,0,0,2,0,3
LINGUIS,150,1,R LAKOFF,1,3,8,10,4,2,0,1,0,0,0,0,1
LINGUIS,C105,1,G LAKOFF,2,11,19,6,5,3,1,1,1,0,0,0,1
LINGUIS,R006,1,W LEONARD,1,10,3,1,2,0,1,0,0,0,0,0,0
M E STU,20,1,M JAMAL,0,5,11,3,2,0,0,0,0,0,0,0,0
M E STU,150,1,T SCHWERIN SEGEV,1,4,17,8,2,0,0,0,0,0,0,0,0
MALAY/I, 100B,1,N LUNDE,3,3,4,1,0,0,0,0,0,0,0,0,0
MASSCOM,10,1,V RAMAN,5,13,27,11,10,8,5,3,0,1,1,0,0
MASSCOM,101,1,M LEVINA,1,49,89,56,25,9,4,3,2,0,0,0,0
MASSCOM,104,1,W TURNER,2,12,50,40,38,20,13,16,13,0,0,0,1
MASSCOM,160,1,J RETZINGER,2,1,6,12,7,2,0,0,0,0,2,0,1
MASSCOM,170,1,J RETZINGER,0,6,10,24,25,5,1,1,0,1,0,0,0
MASSCOM,190,1,M LEVINA,0,3,16,8,2,3,0,1,0,0,0,0,2
MASSCOM,190,2,T GOLDSTEIN,0,3,7,11,8,2,1,0,0,0,0,0,0
MAT SCI,103,1,A GLAESER,1,11,4,8,8,1,6,4,0,2,1,0,1
MAT SCI,104,1,L DEJONGHE,1,6,8,1,6,3,0,3,3,0,0,0,0
MAT SCI,111,1,E HALLER,5,3,3,4,9,5,2,1,1,0,2,0,0
MAT SCI,112,1,T DEVINE,8,9,12,12,8,4,2,1,0,0,1,0,1
MAT SCI,121,1,R GRONSKY,0,12,27,21,2,1,1,1,1,0,2,0,1
MAT SCI,125,1,O DUBON,0,2,3,0,5,0,0,1,1,0,0,0,0
MAT SCI,C113,1,H DHARAN,0,3,3,5,0,2,2,1,0,0,0,0,0
MATH, 001A,1,M AGANAGIC,7,45,27,18,40,25,20,43,5,4,4,4,6
MATH, 001B,1,O HALD,5,61,60,78,78,56,44,31,12,0,3,0,17
MATH, 001B,2,M RATNER,6,26,17,30,27,25,15,15,14,8,16,0,33
MATH, 001B,3,J SETHIAN,7,28,28,16,23,11,7,25,11,4,13,10,26
MATH, 016A,1,T LAM,10,17,14,24,29,23,21,22,25,0,10,0,27
MATH, 016A,2,Z JUDSON,3,10,7,7,11,9,5,7,7,0,11,0,5
MATH, 016B,1,J WAGONER,22,31,36,29,30,21,15,11,8,4,4,3,6
MATH, 016B,2,J SILVER,10,45,29,31,32,35,33,27,22,6,6,2,10
MATH,32,1,M VITO CRUZ,3,6,4,5,6,6,1,1,2,0,0,0,3
MATH,53,1,V JONES,24,28,20,24,25,30,19,18,18,8,16,2,11
MATH,53,2,M HUTCHINGS,10,32,45,47,31,34,19,20,13,9,11,7,3
MATH,54,1,R KIRBY,8,23,10,11,18,11,10,19,9,0,2,0,12
MATH,54,2,K RIBET,22,66,43,49,105,40,39,89,39,0,18,0,22
MATH,55,1,P VOJTA,4,4,4,7,7,3,4,5,7,5,1,0,4
MATH,74,1,P BARROW,1,8,1,0,3,1,0,2,0,0,0,0,0
MATH,74,2,D COURTNEY,2,7,4,0,3,0,0,0,0,0,0,0,2
MATH,104,1,G CAVIGLIA,3,6,4,3,1,2,5,0,2,0,0,0,1
MATH,104,2,M KLASS,0,5,4,6,8,4,4,3,0,0,0,0,0
MATH,104,3,M RATNER,0,2,2,0,1,2,5,4,2,0,2,0,7
MATH,104,4,J KRUEGER,0,7,0,0,7,0,0,7,0,0,4,0,1
MATH,110,1,A OGUS,6,5,9,11,14,11,4,2,4,0,3,0,16
MATH,113,1,P VOJTA,2,3,3,2,2,1,0,5,4,1,1,0,2
MATH,113,2,S GUREVITCH,9,4,2,3,1,0,0,0,0,0,0,0,0
MATH,113,3,J WAGONER,0,0,2,4,2,2,6,2,3,6,1,2,0
MATH,113,4,G BERGMAN,2,0,4,4,2,6,4,4,3,2,1,0,2
MATH, 121A,1,S GUREVITCH,17,1,0,1,0,0,0,1,1,0,0,0,1
MATH, 121B,1,J METCALFE,0,4,1,0,6,4,1,4,1,0,0,0,1
MATH, 125A,1,J SILVER,1,9,1,3,2,3,2,3,0,0,0,0,2
MATH,126,1,O HALD,1,4,1,3,4,2,3,1,0,0,0,0,0
MATH,127,1,B STURMFELS,3,5,2,3,2,0,0,0,0,0,1,0,0
MATH, 128A,1,M RIEFFEL,2,16,7,6,6,6,6,6,4,0,1,0,15
MATH,135,1,L HARRINGTON,2,3,1,4,3,2,1,9,0,0,0,0,2
MATH,142,1,R KIRBY,2,1,1,0,4,0,1,2,0,0,0,0,0
MATH,160,1,M WODZICKI,0,5,3,5,1,3,1,2,0,0,0,0,4
MATH,170,1,M GU,0,4,2,2,2,0,1,0,0,0,0,0,0
MATH,172,1,J KAMNITZER,3,3,6,1,1,0,1,0,2,2,0,0,1
MATH,185,1,D ZHAN,2,6,3,8,4,4,2,4,0,0,0,0,1
MATH,185,2,D CIMASONI,2,1,4,3,6,6,1,9,0,0,0,0,1
MATH,185,3,J REIMANN,2,1,5,6,1,3,5,1,2,2,0,2,0
MATH,H113,1,D KARP,2,7,4,0,4,2,0,3,4,0,0,0,0
MCB-BMB,15,1,C KANE,22,37,5,3,0,2,0,2,0,0,0,0,0
MCB-BMB, 100B,1,M ALPER,2,10,4,11,16,4,4,5,5,0,3,1,4
MCB-BMB,102,1,J DOUDNA,6,43,44,44,45,40,47,45,43,0,8,0,14
MCB-BMB,110,1,K COLLINS,6,23,5,16,22,22,13,3,9,0,5,0,1
MCB-BMB, 110L,1,J DOUDNA CATE,0,11,17,8,11,13,4,8,0,0,1,0,0
MCB-BMB,113,1,H NIKAIDO,1,2,3,2,4,1,0,1,3,0,0,0,1
MCB-BMB,115,1,M BOTCHAN,1,3,4,1,2,2,0,0,0,0,0,0,0
MCB-BMB,C100A,1,D WEMMER,0,10,3,2,10,8,3,7,3,0,1,0,0
MCB-BMB,C103,1,D PORTNOY,0,41,16,9,24,9,5,6,2,0,1,0,3
MCB-BMB,C114,1,A JACKSON,1,6,4,3,5,0,0,5,1,0,0,0,0
MCB-CDB,130,1,W CANDE,4,29,18,19,37,21,22,19,7,0,16,0,14
MCB-CDB, 130L,1,K LUO,3,10,6,4,4,9,1,4,3,0,4,0,1
MCB-CDB, 130L,2,K LUO,3,8,8,6,6,6,2,3,3,0,3,0,1
MCB-CDB,131,1,J GERHART,4,18,16,15,19,10,11,7,0,0,4,0,2
MCB-CDB, 135K,1,P TIMIRAS,14,25,14,20,21,24,8,12,5,0,0,0,0
MCB-CDB,136,1,T MACHEN,2,32,9,5,30,8,11,17,4,0,7,0,4
MCB-CDB,137,1,G OSTER,1,8,4,3,1,0,0,0,0,0,0,0,0
MCB-GEN,41,1,F WILT,6,54,10,9,67,0,4,16,3,0,9,0,2
MCB-GEN,140,1,T CLINE,3,12,9,6,13,3,14,3,5,0,10,0,2
MCB-GEN, 140L,1,G BARNES,0,4,2,2,3,2,3,5,0,0,0,0,0
MCB-GEN, 140L,2,G BARNES,1,3,0,2,3,1,2,1,0,0,0,0,1
MCB-GEN,C148,1,S BRENNER,0,4,5,4,4,2,4,1,1,0,0,0,0
MCB-IMM,50,1,P BEATTY,3,17,16,16,23,20,3,8,4,0,4,0,3
MCB-IMM,150,1,P BEATTY,4,36,12,19,26,5,6,8,10,0,4,0,2
MCB-IMM, 150L,1,P BEATTY,1,9,10,4,7,2,0,1,0,0,0,0,0
MCB-NEU,61,1,D PRESTI,0,28,49,63,63,59,67,40,30,0,28,0,15
MCB-NEU, 160L,1,R ZUCKER,1,3,4,2,3,4,3,1,0,0,0,0,0
MCB-NEU, 160L,2,R ZUCKER,0,5,0,3,6,2,0,2,1,0,0,0,0
MCB-NEU,165,1,D PRESTI,1,32,34,20,31,8,4,10,12,0,2,0,0
MCB-NEU,C160,1,E ISACOFF,8,18,18,14,12,6,6,10,4,6,2,0,4
MCB-OTH, 090A,1,J THORNER,3,3,3,3,2,0,0,0,0,0,0,0,0
MCB-OTH,H196B,140,G FIRESTONE,0,20,1,0,0,0,0,0,0,0,0,0,0
MEC ENG,102,1,H KAZEROONI,5,38,8,9,17,5,1,0,0,0,0,0,0
MEC ENG,104,1,F MA,0,13,16,16,27,18,4,17,4,3,3,5,3
MEC ENG,106,1,O SAVAS,8,22,20,12,12,8,10,7,4,0,4,2,2
MEC ENG, 107A,1,G JOHNSON,4,13,7,11,4,4,5,3,3,0,1,1,0
MEC ENG, 107B,1,J CHEN,0,0,5,7,12,14,5,6,3,0,0,0,0
MEC ENG, 107B,2,J CHEN,1,2,3,19,5,14,4,2,5,0,0,0,0
MEC ENG,109,1,X ZHANG,4,5,8,6,11,10,11,8,8,0,4,0,0
MEC ENG,118,1,L SOHN,1,2,6,2,1,0,0,2,0,0,0,0,1
MEC ENG,122,1,K WEINMANN,2,31,4,4,7,1,0,3,0,0,0,0,0
MEC ENG,130,1,K YOUSSEFI,0,12,8,10,21,6,3,9,2,0,0,0,1
MEC ENG,132,1,R HOROWITZ,1,10,9,8,5,3,4,2,2,1,0,2,2
MEC ENG,133,1,B TONGUE,1,14,4,14,18,7,9,5,2,0,2,0,1
MEC ENG,135,1,D AUSLANDER,0,16,19,3,4,2,1,0,0,0,0,0,0
MEC ENG,164,1,A MANSOUR,2,3,5,6,3,2,2,0,0,0,0,0,0
MEC ENG,175,1,J CASEY,3,7,2,1,0,2,0,0,0,0,0,0,0
MEC ENG,C105B,1,V CAREY,0,3,18,18,18,11,8,5,0,0,0,0,2
MEC ENG,C124,1,T ZOHDI,0,17,20,31,13,6,7,1,3,1,1,1,2
MIL SCI,101,1,D ROESLER,9,7,0,0,1,2,0,0,0,0,0,0,0
MUSIC, 020A,1,M RAHAIM,2,11,1,4,1,1,0,0,0,0,0,0,0
MUSIC, 020A,2,D CULLEN,1,6,8,2,3,6,0,1,1,0,0,0,0
MUSIC, 020A,3,R LINDAHL,0,7,8,6,0,3,1,0,0,0,0,0,0
MUSIC, 020A,4,H FRASCH,3,7,13,1,0,1,0,0,0,0,0,0,1
MUSIC, 020A,5,J PEREA,7,15,1,1,1,0,0,0,0,0,0,0,0
MUSIC, 020B,1,J AHN,5,6,4,2,0,1,0,0,0,0,0,0,0
MUSIC, 025A,1,J LEVIS,0,15,2,5,2,0,0,1,0,0,0,0,0
MUSIC,27,1,M SMART,17,73,52,19,16,9,5,3,5,0,3,0,4
MUSIC, 049A,1,B WADE,1,21,10,0,0,0,0,0,0,0,0,0,1
MUSIC, 049B,1,K ROSENAK,0,6,2,3,2,2,0,0,0,0,0,0,0
MUSIC, 049B,2,C DANA,0,3,3,1,1,2,0,0,1,0,0,0,0
MUSIC, 049C,1,M BATES,1,3,5,2,4,0,0,0,0,0,0,0,0
MUSIC, 049C,2,J HUNT,0,3,5,3,1,0,0,0,0,0,0,0,0
MUSIC,50,1,M ORLAND,2,5,4,4,1,0,0,0,0,0,0,0,0
MUSIC,50,2,K ROSENAK,0,4,1,2,2,2,0,0,0,0,1,0,0
MUSIC,60,1,M LIN,2,3,8,4,0,0,0,0,2,0,0,0,0
MUSIC,60,2,D PEREIRA,0,3,3,2,4,1,1,0,0,0,0,0,0
MUSIC,61,1,D PEREIRA,0,0,3,5,3,0,0,0,0,0,0,0,0
MUSIC,61,2,D PEREIRA,0,2,4,5,0,4,0,0,0,0,0,0,0
MUSIC,74,1,B BRINNER,5,17,4,3,2,1,0,0,0,0,0,0,0
MUSIC,77,1,R TARUSKIN,0,2,2,7,12,10,3,1,1,0,2,0,1
MUSIC, 128S,1,M MELFORD,2,9,12,1,0,0,0,0,0,0,0,0,0
MUSIC,132,1,B BRINNER,7,21,11,2,5,1,2,1,2,0,0,0,0
MUSIC,139,1,I ZEMTSOVSKY,5,4,1,0,1,1,0,0,0,0,0,0,0
MUSIC,140,1,M MIDIYANTO,0,38,1,0,1,0,0,1,0,0,0,0,0
MUSIC,141,1,D MILNES,19,41,0,0,0,0,0,0,0,0,0,0,0
MUSIC,144,1,M KUZMA,3,30,6,8,1,0,0,0,0,0,0,0,0
MUSIC,148,1,C LADZEKPO,7,81,0,0,0,0,0,0,0,0,0,0,1
MUSIC, 150A,1,D MILNES,4,9,1,0,0,0,0,0,0,0,0,0,0
MUSIC, 150B,1,M KUZMA,1,4,5,4,0,0,0,0,0,0,0,0,0
MUSIC, 150C,1,M MELFORD,1,17,2,0,0,0,0,0,0,0,0,0,0
MUSIC, 154B,1,J LIDERMAN,4,5,1,2,0,0,0,0,0,0,0,0,0
MUSIC, 157B,1,Y VASSILANDONAKIS,3,10,0,1,0,0,0,0,0,0,0,0,0
MUSIC,158,1,E CAMPION,2,17,3,0,2,0,0,1,0,0,0,0,0
MUSIC,179,1,J GUILBAULT,2,5,4,1,0,0,0,0,0,0,0,0,0
NATAMST, 020B,1,D PEARSON,0,15,2,1,4,0,0,1,0,0,0,0,1
NATAMST,72,1,T BIOLSI,0,6,3,3,1,1,1,0,0,0,0,0,1
NATAMST,110,1,D PEARSON,0,17,1,0,0,0,0,0,0,0,0,0,0
NATAMST,120,1,D PEARSON,0,18,0,1,0,0,0,1,0,0,0,0,0
NATAMST,178,1,J SHIVELY,0,8,2,0,2,0,0,0,0,0,0,0,0
NATAMST,178,2,T SWENSEN,0,4,2,1,2,1,0,1,0,0,0,0,0
NATAMST,R001B,1,K RICHARDS,0,10,12,5,2,0,0,0,0,0,0,0,0
NAV SCI,2,1,M HILER,3,6,3,2,0,1,0,0,0,0,0,0,0
NAV SCI, 012B,1,K BRANDL,0,0,2,4,6,0,2,0,0,0,0,0,0
NAV SCI,24,1,D BUCKEY,4,9,0,0,0,0,0,0,0,0,0,0,0
NE STUD,15,1,C SAUVAGE,0,1,2,6,3,4,2,0,0,0,0,0,0
NE STUD, 102B,1,D KISER-GO,0,8,6,5,0,1,0,0,0,0,0,0,1
NE STUD,113,1,N VELDHUIS,1,4,9,3,0,1,0,0,0,0,0,0,1
NE STUD,126,1,S MEHENDALE,0,11,3,1,1,1,0,0,0,0,0,0,0
NE STUD,142,1,H ALGAR,3,20,17,2,0,0,0,0,0,0,0,0,0
NE STUD,155,1,M LARKIN,1,8,6,8,3,1,1,1,0,0,0,0,0
NE STUD,160,1,M SCHWARTZ,1,14,5,3,0,0,0,0,0,0,0,0,0
NE STUD, 162B,1,S AHMADI,0,18,5,0,0,0,0,0,0,0,0,0,0
NE STUD, 190I,1,J PIRNAZAR,4,17,4,2,0,0,0,0,0,0,0,0,0
NE STUD,R002B,1,N KHANKAN,0,1,3,2,4,1,0,1,0,0,0,0,0
NUC ENG, 039A,1,P PETERSON,0,12,9,9,1,0,0,0,0,0,0,0,0
NUC ENG,104,1,K VETTER,1,3,7,5,6,3,1,1,0,0,0,0,0
NUC ENG,150,1,T DOWNAR,6,7,3,4,7,1,1,2,0,0,0,0,1
NUC ENG,155,1,B WIRTH,1,4,3,0,2,0,0,2,1,0,0,0,0
NUC ENG,162,1,J VUJIC,2,4,1,2,5,0,0,0,0,0,0,0,0
NUSCTX,10,1,N AMY,66,142,69,49,112,22,19,32,5,3,5,1,9
NUSCTX,11,1,L BJELDANES,3,34,15,15,19,11,3,8,0,0,1,0,0
NUSCTX,103,1,S FLEMING,7,20,12,18,12,7,7,6,13,0,9,0,8
NUSCTX,104,1,K CLARK,3,36,13,14,18,2,0,3,0,1,0,0,1
NUSCTX,120,1,C VULPE,10,11,10,5,1,0,0,0,0,0,0,0,0
NUSCTX,121,1,D JOHNSON,6,7,4,2,2,0,0,0,0,0,0,0,0
NUSCTX,135,1,A KOBUSZEWSKI,3,11,7,5,1,0,0,0,0,0,0,0,0
NUSCTX, 161A,1,M MEAD,1,8,4,6,8,4,0,0,0,0,0,0,0
NUSCTX, 161B,1,K CLARK,0,4,14,4,7,1,0,1,0,0,0,0,0
NUSCTX,170,1,B SHANE,3,14,4,3,0,1,0,0,0,0,0,0,0
NUSCTX,190,1,M HELLERSTEIN,2,5,8,3,0,0,0,0,0,0,0,0,0
NUSCTX,193,1,I KUBO,1,21,0,0,0,0,0,0,0,0,0,0,0
NUSCTX,194,1,M MEAD,3,20,5,0,1,0,1,1,0,0,0,0,0
NUSCTX,C112,1,E WEI,1,19,12,6,8,7,5,3,0,0,0,0,1
NUSCTX,C114,1,J CASIDA,3,6,9,8,6,1,0,0,0,0,0,0,1
OPTOM,C010,1,P HARVEY,5,28,25,17,13,5,1,2,0,0,0,0,0
PACS,100,1,J SANDERS,1,6,8,22,12,10,4,2,0,0,0,0,1
PACS,119,2,D ZAHEDI,3,14,14,3,6,0,0,0,0,0,0,0,0
PACS,127,1,A GUROWITZ,0,4,15,19,5,0,1,1,0,0,0,0,0
PACS, 128AC,1,C HENRY,0,7,5,0,4,0,0,2,0,0,0,0,0
PACS,151,1,P BARTU,3,6,6,10,9,7,3,0,0,1,0,0,0
PACS, 154AC,1,E NG,0,14,10,6,1,0,1,0,0,0,0,0,0
PACS, 164B,1,J SANDERS,0,14,8,8,3,2,1,1,1,0,0,0,1
PACS,190,1,D ZOOK,0,32,13,4,2,0,0,0,0,0,0,0,0
PB HLTH,103,1,C KODAMA,0,106,53,3,8,5,4,1,1,0,0,0,0
PB HLTH,105,1,B GRIEGO,0,12,2,0,0,0,0,0,0,0,0,0,0
PB HLTH,114,1,B GRIEGO,1,38,11,7,2,0,0,0,0,0,0,0,0
PB HLTH, 131AC,1,B GRIEGO,1,21,3,7,10,0,3,2,1,1,0,0,3
PB HLTH, 144A,1,D LEIN,0,19,6,0,0,0,0,0,0,0,0,0,0
PB HLTH, 144A,2,D LEIN,0,15,6,0,0,0,0,0,0,0,0,0,0
PB HLTH, 144B,1,D LEIN,1,18,0,0,0,0,0,0,0,0,0,0,0
PB HLTH,145,1,M LAHIFF,4,23,11,0,0,0,0,0,0,0,0,0,0
PB HLTH, 150A,1,P BUFFLER,11,35,49,23,26,10,5,3,1,0,1,0,0
PB HLTH, 150B,1,K SMITH,1,21,5,8,7,8,3,4,4,0,2,0,0
PB HLTH, 150E,1,W SATARIANO,12,26,63,12,4,1,0,0,0,0,0,0,0
PB HLTH,181,1,D POTTS,0,23,24,14,6,0,0,0,0,0,0,0,0
PB HLTH,C172,1,E WEI,8,35,11,8,6,2,1,2,1,0,0,0,0
PERSIAN, 001B,1,C ZARGAR,6,5,2,0,0,0,0,0,0,0,0,0,0
PERSIAN, 011B,1,F DAVARAN,1,6,5,1,0,0,0,0,0,0,0,0,0
PERSIAN, 100B,1,J PIRNAZAR,3,13,0,0,0,0,0,0,0,0,0,0,0
PERSIAN, 101B,1,J PIRNAZAR,2,11,1,0,0,0,0,0,0,0,0,0,0
PERSIAN, 104B,1,S AHMADI,1,18,7,0,0,0,0,0,0,0,0,0,0
PHILOS,3,1,J CAMPBELL,1,3,19,36,29,9,4,1,0,0,0,0,1
PHILOS,5,1,P SKOKOWSKI,0,7,6,9,8,2,2,0,0,0,0,0,3
PHILOS,6,1,H DREYFUS,2,15,22,26,20,2,4,2,0,1,0,0,0
PHILOS, 012A,1,P MANCOSU,31,18,10,11,3,5,4,2,3,2,2,2,1
PHILOS, 025B,1,H GINSBORG,0,21,54,34,27,21,2,2,1,0,1,0,0
PHILOS,100,1,D WARREN,0,0,10,15,12,4,0,0,0,0,0,0,3
PHILOS,104,1,N KOLODNY,0,6,12,24,17,5,0,1,0,0,0,0,2
PHILOS,114,1,N KOLODNY,0,5,9,10,3,2,1,0,0,0,0,0,2
PHILOS,122,1,B FITELSON,0,6,11,14,11,6,1,1,0,0,0,0,3
PHILOS,128,1,S ROUSH,0,2,6,3,3,2,2,0,0,0,0,0,0
PHILOS,135,1,J MACFARLANE,0,12,12,11,7,9,1,0,0,1,0,0,3
PHILOS,136,1,R NOE,2,11,13,8,2,3,4,1,0,0,0,0,2
PHILOS, 140A,1,B FITELSON,3,8,3,2,5,2,0,0,0,0,0,1,2
PHILOS,176,1,B STROUD,0,9,12,16,13,11,7,1,0,1,1,0,0
PHILOS,187,1,D FREDE,0,8,12,11,0,1,1,0,0,0,0,0,1
PHILOS,189,1,H SLUGA,10,23,17,10,1,1,0,0,1,0,1,0,0
PHILOS,C138,1,J SEARLE,1,17,12,9,4,3,1,0,1,0,0,0,3
PHYS ED,1,3,R MORRIS,7,3,0,2,0,0,0,0,0,0,0,0,0
PHYS ED,1,7,J BRITTON,0,11,0,0,2,0,0,1,0,0,0,0,0
PHYS ED,1,14,T MAR,0,14,1,0,3,0,0,1,0,0,0,0,0
PHYS ED,1,15,T MAR,0,13,0,0,3,0,0,0,0,0,0,0,0
PHYS ED,1,23,T MAR,0,8,0,0,1,0,0,1,0,0,1,0,0
PHYS ED,2,11,T MAR,0,10,0,0,0,0,0,1,0,0,0,0,0
PHYS ED,2,12,T MAR,0,12,0,0,1,0,0,0,0,0,0,0,0
PHYS ED,3,9,R MORRIS,6,4,0,1,1,0,0,0,0,0,0,0,0
PHYS ED,4,4,L RORK,0,7,3,3,0,0,0,0,0,0,0,0,0
PHYS ED,4,5,R MORRIS,7,3,0,0,0,0,0,0,0,0,0,0,1
PHYS ED,11,3,M SCOTT,0,10,1,0,0,1,0,0,0,0,0,0,0
PHYS ED,11,4,M SCOTT,0,10,1,0,0,1,0,0,0,0,0,0,0
PHYS ED,11,5,M SCOTT,0,23,19,6,1,0,0,0,0,0,0,0,1
PHYS ED,11,6,M SCOTT,0,23,19,6,1,0,0,0,0,0,0,0,1
PHYS ED,11,7,M SCOTT,0,83,0,0,1,1,0,0,0,0,0,0,1
PHYS ED,11,8,M SCOTT,0,83,0,0,1,1,0,0,0,0,0,0,1
PHYS ED,11,9,M SCOTT,0,10,1,0,0,0,0,0,0,0,0,0,0
PHYS ED,11,10,M SCOTT,0,10,1,0,0,0,0,0,0,0,0,0,0
PHYS ED,11,13,M SCOTT,0,27,19,5,0,0,0,0,0,0,0,0,0
PHYS ED,11,14,M SCOTT,0,27,19,5,0,0,0,0,0,0,0,0,0
PHYS ED,11,21,M SCOTT,0,21,3,0,0,1,0,0,0,0,0,0,0
PHYS ED,11,22,M SCOTT,0,21,3,0,0,1,0,0,0,0,0,0,0
PHYS ED,11,23,M SCOTT,0,1,24,1,0,0,0,0,0,0,0,0,0
PHYS ED,11,24,M SCOTT,0,1,24,1,0,0,0,0,0,0,0,0,0
PHYS ED,11,25,M SCOTT,0,273,75,4,6,2,0,0,0,0,0,0,4
PHYS ED,11,26,M SCOTT,0,273,75,4,6,2,0,0,0,0,0,0,4
PHYS ED,12,3,M SCOTT,0,43,2,0,0,0,0,0,0,0,0,0,0
PHYS ED,12,4,M SCOTT,0,43,2,0,0,0,0,0,0,0,0,0,0
PHYS ED,12,9,M SCOTT,0,8,5,1,0,0,0,1,0,0,0,0,0
PHYS ED,12,10,M SCOTT,0,8,5,1,0,0,0,1,0,0,0,0,0
PHYS ED,12,13,M SCOTT,0,12,1,0,0,0,0,0,0,0,0,0,0
PHYS ED,12,14,M SCOTT,0,12,1,0,0,0,0,0,0,0,0,0,0
PHYS ED,12,15,M SCOTT,0,13,1,0,0,0,0,0,0,0,0,0,0
PHYS ED,12,16,M SCOTT,0,13,1,0,0,0,0,0,0,0,0,0,0
PHYS ED,12,21,M SCOTT,0,24,6,0,0,0,0,0,0,0,0,0,0
PHYS ED,12,22,M SCOTT,0,24,6,0,0,0,0,0,0,0,0,0,0
PHYS ED,12,27,M SCOTT,0,230,7,0,1,0,0,0,0,0,0,0,0
PHYS ED,12,28,M SCOTT,0,230,7,0,1,0,0,0,0,0,0,0,0
PHYS ED,32,1,S JOHANNESSEN,0,11,3,3,3,1,1,1,2,0,0,0,0
PHYSICS, 007A,1,R LIN,7,22,32,24,20,22,19,15,17,4,2,1,3
PHYSICS, 007A,2,S BOGGS,15,17,13,20,27,16,24,17,1,0,3,0,3
PHYSICS, 007A,3,A CHARMAN,4,28,26,35,31,16,8,32,14,3,4,0,7
PHYSICS, 007B,1,C WOHL,3,16,14,20,17,18,15,6,10,2,0,0,7
PHYSICS, 007B,2,D BROWN,7,31,9,17,51,18,16,18,8,0,3,0,8
PHYSICS, 007C,1,M BATTAGLIA,3,10,2,9,23,5,1,12,2,0,0,0,8
PHYSICS, 007C,2,A LEE,10,17,8,13,20,7,4,9,3,0,0,0,0
PHYSICS, 008A,1,Y KOLOMENSKY,10,51,30,28,80,13,23,32,5,0,9,0,6
PHYSICS, 008A,2,T BUEHLER,5,44,32,40,36,38,20,27,25,0,9,0,7
PHYSICS, 008B,1,M POMERANTZ,3,31,17,22,28,0,0,35,0,0,0,0,1
PHYSICS, 008B,2,J LIPHARDT,31,33,31,32,32,32,30,29,4,0,0,0,4
PHYSICS,105,1,Z QIU,2,2,3,2,4,2,0,3,0,0,0,0,2
PHYSICS,105,2,Z QIU,3,3,2,6,4,3,0,3,0,0,1,0,2
PHYSICS, 110A,2,L KERTH,3,11,4,5,8,0,0,7,0,0,0,0,1
PHYSICS, 110B,1,M STROVINK,3,11,7,5,7,4,0,2,0,0,0,0,2
PHYSICS,111,1,J SIEGRIST,8,28,7,2,3,2,0,4,0,0,0,0,2
PHYSICS,111,2,J ORENSTEIN,1,7,11,8,5,3,2,2,1,0,0,0,1
PHYSICS,112,1,F HELLMAN,2,8,4,7,1,3,2,0,2,0,0,0,1
PHYSICS,112,2,F HELLMAN,1,5,5,5,5,2,3,0,0,0,0,0,1
PHYSICS, 137A,1,D LEE,4,4,6,6,3,2,2,3,1,1,1,0,2
PHYSICS, 137A,2,J MOORE,3,8,0,4,7,0,1,1,0,0,2,0,0
PHYSICS, 137B,1,J CLARKE,5,6,7,8,6,6,3,2,3,0,2,0,1
PHYSICS, 137B,2,H STEINER,1,5,5,2,2,0,0,2,2,0,0,0,2
PHYSICS,139,1,L HALL,4,6,7,2,3,1,1,2,0,0,0,0,0
PHYSICS, 141A,1,S LOUIE,3,10,6,3,3,1,3,2,1,0,0,0,0
PHYSICS, 141B,1,I SOUZA,2,5,0,3,7,0,0,0,0,0,0,0,0
PHYSICS,C010,1,R MULLER,12,29,37,19,27,22,4,10,11,0,0,0,0
PHYSICS,H007B,4,X HUANG,0,10,9,5,4,7,0,3,0,0,0,0,0
PHYSICS,H007C,1,R MARRUS,1,7,3,4,0,0,0,1,0,0,0,0,1
PLANTBI,13,1,M FREELING,4,10,16,0,0,0,0,0,0,0,0,0,0
PLANTBI,40,1,P ZAMBRYSKI,14,7,6,2,4,1,1,0,0,0,0,0,0
PLANTBI,120,1,K NIYOGI,3,2,2,3,4,2,1,2,1,0,1,0,0
PLANTBI, 120L,1,K NIYOGI,1,6,0,0,7,1,0,1,1,0,1,0,0
PLANTBI,160,1,R FISCHER,2,12,22,10,7,2,1,0,0,0,0,0,0
PLANTBI, 160L,1,S HAKE,8,7,4,3,1,0,0,0,0,0,0,0,1
PLANTBI,170,1,A JACKSON,3,6,1,0,6,0,0,6,0,0,1,0,0
PLANTBI,180,1,N TERRY,15,3,5,3,2,1,1,0,0,0,0,0,0
PLANTBI,185,1,S RUZIN,2,5,4,3,3,3,1,2,0,0,0,0,0
PLANTBI,C103,1,D PORTNOY,0,7,3,4,6,5,2,5,1,0,1,0,0
PLANTBI,C107,1,C SPECHT,2,5,3,0,2,2,0,2,1,0,0,0,0
PLANTBI,C107L,1,C SPECHT,0,7,3,0,3,1,1,1,1,0,0,0,0
PLANTBI,C148,1,S BRENNER,1,3,5,4,1,7,4,2,3,2,3,0,0
POL SCI,1,1,W MUIR,13,81,96,65,42,17,5,3,4,0,1,0,9
POL SCI,2,1,P CHHIBBER,3,113,76,77,73,37,10,23,9,0,7,4,9
POL SCI,3,1,H BRADY,11,38,17,30,25,19,17,13,0,0,12,0,13
POL SCI,102,1,T BIMES,0,13,12,14,9,5,4,4,0,0,0,0,3
POL SCI,103,1,R VAN HOUWELING,1,11,15,15,3,3,0,0,0,0,0,0,0
POL SCI,104,1,D KAROL,5,6,5,4,7,5,4,2,0,2,1,0,3
POL SCI,105,1,J KLEHS,3,11,8,4,1,3,0,0,1,0,0,0,0
POL SCI, 106A,1,D SCHNUR,0,8,21,15,6,1,1,0,0,0,0,0,0
POL SCI, 108A,1,R DE NEUFVILLE,0,6,12,11,10,1,2,0,0,0,0,0,0
POL SCI, 109A,1,P HART,0,6,7,11,6,1,3,1,0,0,0,0,0
POL SCI, 111AC,1,N PERMAUL,0,8,1,6,8,0,0,0,0,0,0,0,0
POL SCI, 112A,1,S STIMSON,0,14,14,18,13,4,3,0,0,0,1,0,3
POL SCI, 112B,1,W BROWN,0,13,11,10,4,3,0,2,0,0,0,0,3
POL SCI, 114A,1,M BEVIR,0,9,11,14,6,7,3,1,0,1,0,0,4
POL SCI, 120A,1,S WEBER,3,35,53,66,53,20,7,3,1,0,0,0,0
POL SCI, 123A,1,N JOECK,0,10,4,3,7,5,5,4,0,0,1,0,0
POL SCI, 123A,2,S WEBER,1,7,6,1,0,0,0,0,0,0,0,0,0
POL SCI, 124A,1,R HASSNER,5,149,50,18,7,1,0,0,0,0,1,0,1
POL SCI, 136A,1,A GREGOR,2,25,13,23,10,7,1,1,3,1,1,0,1
POL SCI, 137B,1,A GREGOR,1,80,96,65,37,10,2,2,0,0,0,0,2
POL SCI, 138E,1,S VOGEL,0,28,23,10,19,14,5,2,1,1,1,0,0
POL SCI, 138F,1,A GUROWITZ,0,8,19,40,24,8,2,1,2,0,0,0,2
POL SCI, 143C,1,K O'BRIEN,0,10,17,18,14,9,1,3,1,0,0,0,2
POL SCI, 147F,1,J LEVY,0,9,11,7,4,0,1,0,0,0,0,0,1
POL SCI, 149E,1,D ZOOK,0,50,42,32,8,5,0,1,0,0,0,0,3
POL SCI,150,1,R KAGAN,0,8,12,9,6,5,0,0,0,0,0,0,2
POL SCI, 157B,1,G SILVERSTEIN,0,8,20,31,24,15,11,7,4,2,0,0,0
POL SCI,161,1,J SHANKS,10,4,6,2,3,0,0,0,0,0,0,0,1
POL SCI,171,1,E LEMPERT,0,22,12,12,19,5,0,4,1,0,0,0,0
POL SCI,181,1,C ANSELL,0,15,12,16,3,3,0,0,0,0,0,0,0
POL SCI,C196W,1,M GOLDSTEIN,6,9,1,1,4,0,0,0,0,0,0,0,1
POL SCI,H190B,1,A GUROWITZ,2,13,1,0,0,0,0,0,0,0,0,0,0
POLECIS,100,1,S STIMSON,0,14,22,33,43,6,2,2,1,0,2,0,2
POLECIS,101,1,B CRAWFORD,4,21,17,23,29,12,3,4,1,0,0,0,1
PORTUG, 101A,1,C DONOVAN,1,8,2,3,0,0,0,0,0,0,0,0,0
PORTUG, 101A,2,C LEFEBER,2,7,4,2,4,0,0,0,0,0,0,0,1
PORTUG, 101A,3, BRITTO DE QUEIROZ,2,2,0,4,4,0,0,1,0,0,0,0,0
PORTUG, 101B,1, BRITTO DE QUEIROZ,0,4,2,1,5,0,0,0,0,0,0,0,0
PORTUG, 101B,2, BRITTO DE QUEIROZ,2,6,0,4,2,0,0,0,0,0,0,0,1
PORTUG, 101B,3, BRITTO DE QUEIROZ,2,7,4,0,1,0,0,0,0,0,0,0,0
PORTUG,102,1,C DONOVAN,1,9,4,4,2,0,1,2,0,0,0,0,0
PORTUG,103,1,C DONOVAN,1,9,1,2,2,0,1,0,0,0,0,0,0
PORTUG,135,5,J PASSOS,1,5,4,3,0,0,0,0,0,0,0,0,0
PSYCH,1,1,D FRANCIS,66,124,60,38,44,19,15,9,3,4,4,0,5
PSYCH,2,1,C GADE,8,77,22,12,27,2,5,3,1,0,0,0,0
PSYCH,2,3,M ALLISON,6,43,31,29,25,9,7,4,2,2,1,1,2
PSYCH,14,1,M JAY,14,31,14,7,13,7,3,4,2,1,0,0,0
PSYCH,101,1,F THEUNISSEN,5,24,21,20,21,12,17,10,2,4,5,0,10
PSYCH,109,1,S GLICKMAN,4,49,13,11,15,2,0,1,0,0,1,0,0
PSYCH,121,1,L JACOBS,1,5,11,5,6,4,0,2,0,0,0,0,1
PSYCH,122,1,A SHIMAMURA,8,32,24,22,22,5,8,7,1,0,6,0,1
PSYCH,130,1,A HARVEY,4,27,69,38,24,11,7,4,1,0,0,0,0
PSYCH,131,1,Q ZHOU,0,37,36,22,11,2,3,1,0,0,0,0,0
PSYCH, 132AC,1,J TREUTING,11,9,8,8,4,0,0,1,0,0,0,0,0
PSYCH,140,1,M DANNECKER,3,38,91,29,31,18,11,10,3,2,0,1,11
PSYCH,146,1,E HESSE,4,6,5,7,1,0,0,0,0,1,0,0,1
PSYCH,150,1,O AYDUK,11,43,25,23,17,16,8,11,4,4,4,0,1
PSYCH,160,1,D KELTNER,5,109,57,25,81,11,16,13,2,2,0,0,3
PSYCH,168,1,S CHEN,1,8,6,1,1,1,0,0,0,0,0,0,0
PSYCH,C116,1,L KRIEGSFELD,0,15,5,7,13,3,5,9,2,2,1,0,1
PSYCH,C123,1,T GRIFFITHS,1,0,1,3,4,0,0,2,2,0,0,0,0
PSYCH,C124,1,C HUDSON,3,4,5,7,5,1,3,0,1,0,0,0,3
PSYCH,C127,1,R IVRY,0,16,10,13,17,6,4,4,2,0,0,1,0
PUB POL,101,1,M O'HARE,6,6,12,12,10,11,5,3,2,0,0,0,1
PUB POL,190,3,T DAYONOT,4,17,11,8,0,0,0,0,0,0,0,0,0
PUB POL,C164,1,J MAULDON,3,11,11,16,5,0,1,0,0,0,0,0,0
PUNJABI, 001B,1,U UBHI,1,4,7,2,3,0,0,0,1,0,0,0,0
RELIGST, 090A,1,S JUSTICE,0,11,16,18,7,13,1,2,2,0,0,0,2
RELIGST,190,1,L D'ISANTO,2,17,8,2,0,1,1,0,0,0,1,0,1
RELIGST,190,2,H BAZIAN,5,17,19,4,1,0,0,0,0,0,0,0,0
RELIGST,C118,1,N LARGIER,0,11,5,3,0,0,0,0,0,0,0,0,0
RELIGST,C119,1,S GOLDSMITH,0,4,4,10,5,4,3,0,0,0,0,0,0
RELIGST,C166,1,R GOLDMAN,1,12,10,6,8,0,0,1,0,0,0,0,0
RHETOR,10,1,D COFFEEN,3,19,26,21,11,1,1,0,0,0,0,0,0
RHETOR,20,1,K SILVERMAN,0,9,23,32,13,0,0,0,0,0,0,0,0
RHETOR,30,1,R BHANDARI,0,8,7,1,0,1,0,0,0,0,0,0,0
RHETOR, 103B,1,D CARRICO,0,13,24,16,9,5,0,0,0,0,0,0,4
RHETOR,128,1,F GUTTERRIEZ,0,11,15,4,0,0,0,0,0,0,0,0,2
RHETOR,139,1,R NADDAFF,1,7,4,2,0,1,0,0,0,0,0,0,0
RHETOR,140,1,D COFFEEN,2,40,16,7,2,0,0,0,0,0,0,0,1
RHETOR,150,1,M SCHERER,0,5,4,3,4,0,0,0,0,0,0,0,0
RHETOR, 157A,1,K FELDMAN,0,2,4,3,0,1,0,0,0,0,0,0,1
RHETOR,171,1,F GUTTERRIEZ,0,17,11,4,0,1,0,0,0,0,0,0,0
RHETOR,172,1,R BHANDARI,0,9,5,2,2,0,0,0,0,0,0,0,0
RHETOR,174,1,C THOMPSON,0,4,5,6,1,4,1,0,0,0,0,0,0
RHETOR,175,1,C MALABOU,0,8,0,0,0,1,0,1,0,0,1,0,0
RHETOR,189,1,M TRINH,2,6,6,1,1,2,0,0,0,0,0,0,0
RHETOR,189,2,D CARRICO,1,5,9,3,0,0,0,0,0,0,0,0,0
RHETOR,R001A,1,A WEINER,0,3,4,7,9,5,3,0,1,0,0,0,0
RHETOR,R001A,2,B YOUNG,0,3,7,10,3,3,1,0,1,0,0,0,2
RHETOR,R001A,4,A THIEM,0,4,7,9,3,2,1,0,0,0,0,0,0
RHETOR,R001B,1,Z VALIAVICHARSKA,1,3,11,9,3,0,0,1,0,0,0,0,1
RHETOR,R001B,2,J NAPOLIN,0,2,15,9,6,3,0,0,0,0,0,0,0
RHETOR,R001B,3,M PEDRETTI,0,4,12,6,7,0,0,1,0,0,1,0,0
RHETOR,R001B,5,B MORGAN,0,6,7,8,2,0,0,1,0,0,0,0,0
S ASIAN,121,1,G HART,2,7,3,0,2,0,0,0,0,0,0,0,0
S ASIAN,C142,1,R GOLDMAN,0,15,10,13,5,2,0,0,0,0,0,0,0
S ASIAN,R005B,1,J CLARE,0,6,7,2,2,0,0,0,0,0,0,0,0
S ASIAN,R005B,2,C MENA,1,10,2,4,0,0,0,0,0,0,0,0,0
S ASIAN,R005B,3,N GOVIND,0,3,6,4,0,0,1,1,0,0,0,1,0
S ASIAN,R005B,4,G PAI,3,8,3,4,1,0,0,0,0,0,0,0,0
S ASIAN,R005B,5,C WALLIS,1,9,4,1,2,0,0,0,0,0,0,0,0
S ASIAN,R005B,6,A NIEBEL,0,7,5,5,1,0,0,0,0,0,0,0,0
S ASIAN,R005B,7,H DAR,1,5,3,4,2,0,0,0,0,0,0,0,0
"S,SEASN",120,2,M FARUQUI,0,4,1,3,1,1,0,1,0,0,0,0,0
"S,SEASN",R005B,1,S TIWON,0,4,27,6,3,3,1,0,0,0,0,0,0
SCANDIN, 100B,1,K MOLLER,4,4,4,0,0,1,0,0,0,0,0,0,0
SCANDIN,125,1,C CLOVER,3,9,3,1,2,2,3,0,1,0,0,1,0
SCANDIN,165,1,J LINDOW,0,6,5,7,7,5,2,2,5,0,0,0,0
SCANDIN,C114,1,K SANDERS,0,6,3,0,2,0,0,0,0,0,0,0,0
SCANDIN,R005A,1,L RUGG,0,5,6,0,3,1,0,1,0,0,0,0,0
SCANDIN,R005A,2,L RUGG,1,6,2,3,1,3,0,0,0,0,0,0,0
SCANDIN,R005B,1,L RUGG,1,3,7,3,1,0,1,0,0,0,0,0,0
SCANDIN,R005B,2,L RUGG,0,10,3,2,1,0,0,1,0,0,0,0,0
SCANDIN,R005B,3,K HAGSTROM,0,12,6,1,0,0,0,0,0,0,0,0,1
SCANDIN,R005B,4,S WICHMANN,0,5,3,5,1,2,0,0,1,0,0,0,0
SEASIAN, 010B,1,J HADLER,0,8,5,6,2,0,0,1,0,0,0,0,0
SLAVIC,1,2,L LITTLE,3,4,3,1,4,0,0,0,0,0,0,1,0
SLAVIC,46,1,O MATICH,0,4,1,3,2,1,0,0,1,0,0,0,0
SLAVIC,50,1,A TIMBERLAKE,3,13,10,2,1,0,0,0,0,0,0,0,0
SLAVIC, 103B,1,A ALEXEEV,0,15,3,2,0,0,0,0,0,0,0,0,0
SLAVIC, 105B,1,A ALEXEEV,0,7,3,1,0,0,0,0,0,0,0,0,0
SLAVIC,131,1,H RAM,2,4,2,0,3,0,0,0,0,0,0,0,0
SLAVIC, 134C,1,O MATICH,1,7,5,2,2,1,1,0,0,0,0,0,0
SLAVIC, 134E,1,A MUZA,0,6,2,3,2,0,0,1,0,0,0,0,0
SLAVIC,R005A,1,O MATICH,0,2,4,8,0,0,0,0,0,0,0,0,0
SLAVIC,R005A,2,O MATICH,0,7,4,3,1,0,1,0,0,0,0,0,1
SLAVIC,R005B,2,O MATICH,0,7,5,1,3,1,0,0,0,0,0,0,0
SLAVIC,R005B,3,M VIISE,0,4,1,9,0,1,0,0,0,0,0,0,0
SLAVIC,R005B,4,E ANTL,0,2,4,6,2,0,0,1,0,0,0,0,0
SOC WEL,107,1,B CORNET,0,4,0,3,11,0,0,0,0,0,0,0,0
SOC WEL,110,1,D WOODS,6,16,10,5,6,2,3,0,0,0,0,0,0
SOC WEL,112,1,P TERRELL,5,5,10,6,7,4,4,2,2,0,0,0,0
SOC WEL,114,1,C RALPH,0,7,5,7,5,10,4,6,0,0,2,0,1
SOC WEL,116,1,J ROTHMAN,4,24,12,2,2,0,1,0,0,0,0,0,0
SOCIOL,1,1,T GOLD,0,9,61,91,48,26,13,3,2,1,0,0,1
SOCIOL, 003AC,1,B POWERS,0,15,44,43,54,24,17,12,2,1,2,1,7
SOCIOL,5,1,K LUKER,1,28,43,46,47,17,9,16,2,0,1,0,5
SOCIOL, 101B,1,FOURCADE-GOURINCHA,2,31,41,35,38,14,10,10,2,0,1,0,4
SOCIOL, 101C,1,M BURAWOY,3,11,3,0,0,1,0,0,0,0,0,0,0
SOCIOL,113,1,P HUDIS,7,27,12,4,2,0,1,1,0,0,1,0,0
SOCIOL,115,1,L LAWTON,2,25,9,9,27,4,6,4,2,0,0,0,0
SOCIOL,116,1,P NESBITT,0,9,9,7,5,0,1,2,1,0,1,0,0
SOCIOL,118,1,J STOCKINGER,0,53,0,29,3,9,0,0,0,0,0,0,2
SOCIOL,122,1,T PETERSEN,0,17,14,6,3,5,0,1,4,0,0,0,3
SOCIOL,125,1,C FISCHER,3,4,3,4,7,7,6,6,2,0,0,0,0
SOCIOL, 131AC,1,S SMITH,0,8,6,7,3,5,2,0,1,0,0,0,1
SOCIOL,133,1,L SALZINGER,2,16,11,20,19,14,9,5,4,1,0,0,1
SOCIOL,141,1,D WILSON,1,9,15,21,21,9,7,5,0,3,3,0,2
SOCIOL,155,1,T PETERSEN,1,39,12,8,19,9,1,3,2,0,1,0,0
SOCIOL,160,1,D WILSON,0,9,36,27,16,7,11,4,1,0,0,1,3
SOCIOL, 170AC,1,A BARLOW,0,15,27,32,10,5,3,0,0,0,0,0,2
SOCIOL,172,1,P EVANS,4,12,20,9,1,4,3,1,0,0,0,0,1
SOCIOL,183,1,T GOLD,0,24,11,5,7,1,2,3,0,0,0,0,0
SOCIOL,189,1,C TUGAL,0,6,4,7,8,2,3,2,0,0,0,0,0
SOCIOL,190,1,J KARABEL,0,1,7,3,0,2,0,0,0,0,0,0,0
SOCIOL,190,2,K VOSS,0,6,5,0,0,0,0,0,0,0,0,0,0
SOCIOL,190,3,G MATTSON,6,9,3,0,3,1,0,1,0,0,0,0,0
SOCIOL,190,4,M VALLEE,3,9,6,5,1,0,0,0,0,0,0,0,0
SOCIOL,190,5,M COOPER,0,6,5,4,5,3,1,0,0,0,0,0,0
SOCIOL,190,7,J NORMAN,0,8,1,2,0,0,0,1,0,0,0,0,0
SOCIOL,C112,1,D MOON,0,12,13,15,3,6,4,0,0,0,0,0,0
SOCIOL,H190B,1,N FLIGSTEIN,2,9,0,0,0,0,0,0,0,0,0,0,0
SOCIOL,H190B,2,M KELSEY,2,12,1,0,0,0,0,0,0,0,0,0,0
SPANISH,1,1,J JIMENEZ,1,1,4,3,2,0,0,1,0,0,0,0,1
SPANISH,1,2,A JOSE,1,2,2,4,3,3,1,1,0,0,0,0,0
SPANISH,1,3,T DALY,0,4,7,3,2,1,0,0,0,0,0,0,0
SPANISH,1,4,J ZANDER,0,5,3,2,0,3,0,0,0,1,0,0,1
SPANISH,1,5,D MARIE,0,6,5,3,2,0,0,0,0,0,0,0,1
SPANISH,2,1,P GUERRA,0,1,7,2,4,1,1,0,1,1,1,0,1
SPANISH,2,2,A HARMAN,0,4,7,2,2,1,0,0,0,0,0,0,0
SPANISH,2,3,M MARTINEZ,0,4,3,1,7,0,0,0,0,0,0,0,0
SPANISH,2,4,L SALVATIERRA,0,3,5,4,3,1,0,0,0,0,0,0,0
SPANISH,2,5,A MATEOS,1,1,4,3,4,2,0,0,0,0,0,0,0
SPANISH,3,1,P NORBERG,0,2,5,3,6,1,1,0,1,0,0,0,0
SPANISH,3,2,H BAMFORD,0,1,4,6,1,2,0,1,0,0,0,0,0
SPANISH,3,4,D NEMSER,0,2,6,2,2,2,0,1,0,0,0,0,0
SPANISH,3,5,J CHANG,0,3,4,3,8,2,0,0,1,0,0,0,0
SPANISH,3,6,M LEE,0,2,2,2,4,2,2,0,1,0,0,1,0
SPANISH,4,1,H MCMICHAEL,0,2,8,3,0,0,0,0,0,0,0,0,0
SPANISH,4,2,O PEREA-RODRIGUEZ,0,6,4,4,3,1,0,0,0,0,0,0,0
SPANISH,4,3,D SOUTHARD,0,0,0,6,3,4,0,0,0,0,0,0,0
SPANISH,4,4,A SHELLHORSE,0,5,7,3,5,1,0,0,0,0,0,0,0
SPANISH,4,5,M BOTTARO,0,2,3,2,3,2,1,0,0,0,0,0,0
SPANISH,21,1,C VILLALBA,0,4,6,2,3,2,0,0,0,0,0,0,0
SPANISH,22,1,A REYES ARIAS,0,2,2,4,7,0,1,0,1,0,0,0,0
SPANISH,25,1,E RUIZ,0,11,5,0,1,1,0,1,0,0,0,0,0
SPANISH,25,2,M CANTU,0,10,4,3,5,0,0,1,0,0,0,0,0
SPANISH,25,3,S BARRIOS,0,11,2,2,4,1,1,1,1,0,0,1,0
SPANISH,25,4,A HILLER,0,4,11,4,3,0,1,0,1,0,0,0,0
SPANISH,25,5,M LOSADA,1,8,5,3,2,2,0,1,0,0,0,0,0
SPANISH,100,1,A AMEAL GUERRA,0,1,2,1,2,1,2,1,0,0,0,0,3
SPANISH, 102A,1,M GONZALEZ,0,5,5,5,1,0,0,0,0,0,0,0,0
SPANISH, 102A,2,A BARILI,0,4,3,8,2,1,0,0,0,0,0,0,0
SPANISH, 102B,1, RODRIGUEZ-GURIDI,2,12,3,2,1,0,0,0,0,0,0,0,0
SPANISH, 102B,2, RODRIGUEZ-GURIDI,2,9,2,0,0,0,0,0,1,0,0,0,0
SPANISH, 102C,1,A BARILI,2,2,2,3,2,0,0,0,0,0,0,0,0
SPANISH, 104B,1,J RAMOS,1,10,12,8,1,3,1,0,0,0,0,0,1
SPANISH, 107B,1,S BRENNEIS,0,7,3,7,4,4,0,0,1,0,0,0,0
SPANISH, 111A,1,I NAVARRETE,0,7,2,8,3,0,0,0,0,0,0,0,0
SPANISH,112,1,D DOUGHERTY,1,4,6,3,1,1,0,1,2,0,0,0,0
SPANISH,135,1,R ROSA,3,3,12,4,2,0,0,0,0,0,0,0,0
SPANISH,135,3,E BERGMANN,0,17,8,1,1,0,0,0,0,0,0,0,0
SPANISH,135,4,N BRIZUELA,1,5,10,2,2,1,0,1,0,0,0,0,0
SPANISH,135,7,R ROSA,2,7,6,3,0,0,0,0,0,0,0,0,1
SPANISH,135,11,D DOUGHERTY,2,6,4,2,1,0,0,0,1,0,0,0,0
SPANISH,161,1,A AMEAL GUERRA,0,5,1,3,3,1,2,2,0,0,0,1,0
SPANISH,166,1,M AZEVEDO,3,5,2,1,1,0,0,0,1,0,0,0,0
SPANISH,C179,1,C KRAMSCH,1,13,2,1,2,1,0,0,0,0,0,0,0
STAT,2,1,R PURVES,0,23,24,19,19,20,23,21,37,0,0,0,13
STAT,2,2,A ADHIKARI,4,20,26,14,28,37,22,34,33,0,0,0,19
STAT,20,1,E ANDERES,0,51,1,17,18,7,7,1,3,0,2,0,3
STAT,20,2,M ROSENBLUM,6,14,9,8,9,5,9,8,7,0,1,2,1
STAT,21,1,D FREEDMAN,5,15,26,30,43,37,38,38,41,0,22,0,14
STAT,21,2,F IBSER,16,9,12,16,21,17,21,21,21,0,1,0,7
STAT, 131A,1,F IBSER,6,8,6,7,6,8,8,7,6,0,0,2,0
STAT, 131A,2,R WONG,4,8,0,5,9,0,1,4,1,0,0,0,0
STAT,133,1,P SPECTOR,0,26,0,6,5,0,3,2,0,0,0,0,0
STAT,134,1,D ALDOUS,4,8,9,0,11,8,6,11,8,0,0,0,3
STAT,134,2,R WONG,0,12,2,3,12,2,3,3,5,0,2,0,3
STAT,134,3,M KLASS,2,10,4,8,3,0,2,2,1,0,1,1,0
STAT,135,1,N EL KAROUI,2,4,4,0,6,4,2,4,2,0,1,0,5
STAT,150,1,S EVANS,1,2,2,4,7,4,3,6,1,0,0,0,1
STAT,153,1,D BRILLINGER,6,31,0,3,26,0,0,4,2,0,0,0,1
STAT,155,1,J RICE,7,9,7,3,7,0,0,5,2,0,1,0,0
TAGALG, 001B,1,I PENA,0,24,4,2,2,0,1,0,0,0,0,0,0
TAGALG, 001B,2,I PENA,0,19,7,2,2,0,0,1,0,0,0,0,0
TAGALG, 100B,1,I PENA,0,27,3,3,0,0,0,0,0,0,0,0,0
THAI, 001B,1,S KEPNER,1,10,0,0,0,0,0,0,0,0,0,0,0
THAI, 101B,1,S KEPNER,2,8,1,0,0,0,0,0,0,0,0,0,0
THEATER,10,1,M BERMAN,0,8,5,3,0,0,0,0,0,0,0,0,0
THEATER,10,2,M BERMAN,0,13,5,0,0,0,0,0,0,0,0,0,0
THEATER,10,4,S CHATTERJEE,1,5,7,0,1,1,0,0,0,0,0,0,0
THEATER,11,1,C HEROLD,0,13,3,2,0,0,0,0,0,0,0,0,0
THEATER,11,2,J NICHOLSON,0,9,4,1,0,0,0,0,0,0,0,0,0
THEATER,12,1,D SUSSEL,0,10,4,0,0,0,0,0,0,0,0,0,1
THEATER, 025AC,1,S STEEN,0,5,14,13,12,5,6,15,8,0,2,0,4
THEATER,26,1,S JACKSON,2,9,6,8,1,2,1,0,0,0,0,0,0
THEATER, 040B,1,T CHENEY,8,3,0,0,0,0,0,0,0,0,0,0,0
THEATER,60,2,C KILLION,0,7,16,9,5,1,1,0,0,0,0,0,0
THEATER, 110B,1,M BERMAN,0,14,2,0,0,0,0,0,0,0,0,0,0
THEATER, 110B,2,D SUSSEL,0,12,1,1,1,0,0,0,0,0,0,0,0
THEATER,111,1,L DOLAS,0,11,2,1,0,0,0,0,0,0,0,0,0
THEATER,119,1,B CATANESE,2,4,6,2,4,6,3,2,1,0,0,0,2
THEATER,121,1,S CHATTERJEE,1,13,11,2,2,0,0,0,0,0,0,0,1
THEATER,125,1,M GORDON,2,4,4,4,7,5,1,0,0,0,0,0,2
THEATER,126,1,A MUZA,0,10,3,4,3,1,0,0,0,0,0,0,0
THEATER, 141B,1,E WYMORE,2,18,3,0,0,0,0,0,0,0,0,0,0
THEATER, 142B,1,K HERMESDORF,0,20,2,0,0,0,0,0,0,0,0,0,0
THEATER, 143B,1,E ROMAN,0,13,1,0,1,0,0,0,0,0,0,0,0
THEATER, 151B,1,M GORDON,1,6,5,3,8,2,1,0,0,0,0,0,1
THEATER, 153B,1,J JOHNSON,0,7,2,3,3,3,1,0,1,1,1,0,0
THEATER, 173B,1,R MORGAN,5,1,3,1,2,0,0,0,0,0,0,0,0
THEATER, 174A,1,R BARRETO,0,9,4,2,2,0,0,0,0,0,0,0,1
THEATER, 175B,1,D ELLIOTT,3,3,2,1,1,1,0,0,0,0,0,0,0
THEATER,180,1,E WYMORE,1,25,1,0,0,0,0,0,0,0,0,0,0
THEATER,R001B,1,K HAGSTROM,0,16,2,0,0,0,0,0,0,0,0,0,0
THEATER,R001B,2,S CHATTERJEE,0,4,5,3,3,0,0,0,1,0,0,0,0
THEATER,R001B,3,H CROW,0,1,10,5,1,0,0,0,0,0,0,0,0
TIBETAN,C114,1,B BOGIN,0,0,2,0,4,3,0,1,1,0,0,0,0
UGBA,10,1,D ROBINSON,27,49,64,110,55,35,37,13,20,0,2,0,5
UGBA,96,1,D ROBINSON,9,11,18,12,15,3,2,0,4,0,1,0,0
UGBA, 101B,1,J WILCOX,0,76,22,43,39,36,6,4,0,0,1,0,1
UGBA, 101B,2,J WILCOX,0,33,18,47,15,8,0,3,0,0,2,0,0
UGBA, 102A,1,R BROOKS,9,74,71,46,25,8,7,5,0,0,1,0,0
UGBA, 102B,1,Q FAN,23,59,61,42,21,14,5,6,4,0,1,0,1
UGBA,103,1,M RUBINSTEIN,17,82,58,38,22,22,8,10,8,1,2,1,4
UGBA,105,1,H SCHROTH,8,39,25,26,49,16,14,12,2,1,0,0,1
UGBA,106,1,L CAIN,0,48,23,28,43,12,3,4,0,0,0,0,0
UGBA,119,1,G CLUFF,7,13,6,5,6,7,0,0,0,0,0,1,5
UGBA, 120A,1,A CERF,2,25,3,12,12,2,0,4,0,0,0,0,0
UGBA, 120A,2,F STANTON,6,7,14,0,15,12,0,8,0,0,0,1,0
UGBA, 120B,1,F STANTON,5,7,9,0,6,11,0,5,1,0,0,1,0
UGBA,121,1,A CERF,2,23,14,9,11,4,0,3,0,0,0,0,0
UGBA,122,1,F STANTON,8,7,22,0,6,9,0,0,1,0,0,0,0
UGBA,126,1,R ELYA,4,10,17,25,13,4,0,0,0,0,0,0,0
UGBA,127,1,S DARWIN,3,12,10,2,7,5,0,0,0,0,0,0,0
UGBA,131,1,S ETTER,1,27,7,7,12,0,0,0,0,0,0,0,0
UGBA,132,1,D DISTAD,6,3,17,7,9,4,1,0,0,0,0,2,0
UGBA,143,1,X SU,4,16,27,6,0,0,0,0,0,0,0,0,0
UGBA,152,1,H SCHROTH,0,9,8,14,7,1,0,0,0,0,0,0,0
UGBA,152,2,T DAYONOT,2,14,22,6,0,0,0,0,0,0,0,0,0
UGBA,155,1,N EUSKE,2,5,6,8,8,0,0,0,0,0,0,0,0
UGBA,160,1,E ANDRADE,7,13,14,24,10,6,10,0,1,1,0,0,0
UGBA,162,1,J SILVA,3,5,5,8,8,2,0,0,0,0,0,0,0
UGBA,167,1,A PEREZ-REYES,0,2,13,11,2,1,0,0,0,0,0,0,0
UGBA,170,1,J PHILLIPS,2,8,21,18,0,1,0,0,0,0,0,0,0
UGBA,170,2,J PHILLIPS,0,6,12,10,5,0,3,0,0,0,0,0,0
UGBA,178,1,R MEFFORD,0,13,20,27,14,7,2,3,6,0,0,0,0
UGBA,180,1,D NELSON,4,34,4,9,22,3,0,12,4,0,0,0,0
UGBA, 195A,1,G WONG,0,4,19,7,1,0,0,0,0,0,0,0,0
UGBA,196,2,N SILVER,0,12,4,0,4,0,0,2,0,0,0,0,0
UGBA,196,3,A ROSS,0,15,1,24,12,2,4,1,0,0,0,0,1
UGBA,C172,1,C ROSEN,1,9,16,12,4,0,0,0,0,0,0,0,0
UGIS,112,1,M SAXTON,0,22,3,2,0,2,1,0,0,0,0,0,0
VIETNMS, 001B,1,B TRAN,5,23,2,1,0,0,0,0,0,0,0,0,0
VIETNMS, 001B,2,B TRAN,4,25,4,0,0,0,0,0,0,0,0,0,0
VIETNMS, 001B,3,H TRAN,1,8,9,0,0,0,0,0,0,0,0,0,0
VIETNMS, 100B,1,B TRAN,5,19,8,0,0,0,0,0,0,0,0,0,0
VIETNMS, 100B,2,H TRAN,0,10,6,0,0,0,0,0,0,0,0,0,0
VIETNMS, 101B,1,C NGUYEN,2,13,2,1,0,0,0,0,0,0,0,0,0
VIS STD, 180B,1,A DUBOVSKY,0,6,1,4,1,0,0,0,0,0,0,0,0
VIS STD,181,1,J DELANEY,2,6,5,2,1,0,0,0,0,0,0,0,1
VIS STD, 186B,1,J DELANEY,2,4,2,5,1,0,0,0,0,0,0,0,0
VIS STD, 187A,1,J SLUSKY,0,14,13,2,2,0,0,0,0,0,0,0,0
VIS STD, 187A,2,J BOURDIER,0,1,7,3,2,0,0,1,0,0,0,0,0
