ASTRON,7A
ASTRON,C10
ASTRON,C13
CHEM,1A
CHEM,1A
CHEM,1A
CHEM,1A
CHEM,3A
CHEM,3A
CHEM,3B
CHEM,3B
CHEM,4A
CHEM,15
CHEM,C130
COMPSCI,61C
COMPSCI,188
"ENE,RES",C100
ENGIN,45
EPS,C20
EPS,50
EPS,80
EPS,C82
EPS,100A
EPS,109
EPS,111
EPS,117
ESPM,C129
ESPM,2
ESPM,15
ESPM,C129
GEOG,40
EPS,C82
GEOG,171
ASTRON,C13
EPS,C82
ASTRON,C10
ASTRON,C10
EPS,C20
MAT SCI,123
CHEM,C130
PHYSICS,5A
PHYSICS,7A
PHYSICS,7A
PHYSICS,7A
PHYSICS,7A
PHYSICS,7A
PHYSICS,7A
PHYSICS,7A
PHYSICS,7A
PHYSICS,7A
PHYSICS,7A
PHYSICS,7A
PHYSICS,7A
PHYSICS,7A
PHYSICS,7A
PHYSICS,7A
PHYSICS,7A
PHYSICS,7A
PHYSICS,7A
PHYSICS,7A
PHYSICS,7B
PHYSICS,7B
PHYSICS,7B
PHYSICS,7B
PHYSICS,7B
PHYSICS,7B
PHYSICS,7B
PHYSICS,7B
PHYSICS,7B
PHYSICS,7B
PHYSICS,7B
PHYSICS,7B
PHYSICS,7B
PHYSICS,7B
PHYSICS,7B
PHYSICS,7B
PHYSICS,7B
PHYSICS,7B
PHYSICS,7B
PHYSICS,7B
PHYSICS,7B
PHYSICS,7B
PHYSICS,7B
PHYSICS,7B
PHYSICS,7B
PHYSICS,7B
PHYSICS,7B
PHYSICS,7B
PHYSICS,7B
PHYSICS,7C
PHYSICS,H7C
PHYSICS,8A
PHYSICS,8A
PHYSICS,8B
PHYSICS,8B
PHYSICS,8B
PHYSICS,8B
PHYSICS,8B
PHYSICS,8B
PHYSICS,8B
PHYSICS,8B
PHYSICS,8B
PHYSICS,8B
PHYSICS,8B
PHYSICS,8B
PHYSICS,8B
PHYSICS,8B
PHYSICS,8B
PHYSICS,8B
PHYSICS,8B
PHYSICS,8B
PHYSICS,8B
PHYSICS,8B
PHYSICS,8B
PHYSICS,105
PHYSICS,105
PHYSICS,110A
PHYSICS,111A
PHYSICS,137A
PHYSICS,137A
PHYSICS,137A
PHYSICS,137B
PHYSICS,137B
PHYSICS,141A
"ENE,RES",C100
XASTRON,10
XASTRON,10
XEPS,80
XEPS,80
XGEOG,30
XGEOG,30
